Marca_Cod,Marca,Modelo_Cod,Modelo,Ano,Modelo_A,Modelo_B
36,Volkswagen,480,GOL,2022,GOL,
36,Volkswagen,480,GOL,2021,GOL,
36,Volkswagen,480,GOL,2020,GOL,
36,Volkswagen,480,GOL,2019,GOL,
36,Volkswagen,480,GOL,2018,GOL,
36,Volkswagen,480,GOL,2017,GOL,
36,Volkswagen,480,GOL,2016,GOL,
36,Volkswagen,480,GOL,2015,GOL,
36,Volkswagen,480,GOL,2014,GOL,
36,Volkswagen,480,GOL,2013,GOL,
36,Volkswagen,480,GOL,2012,GOL,
36,Volkswagen,480,GOL,2011,GOL,
36,Volkswagen,480,GOL,2010,GOL,
36,Volkswagen,480,GOL,2009,GOL,
36,Volkswagen,480,GOL,2008,GOL,
36,Volkswagen,480,GOL,2007,GOL,
36,Volkswagen,480,GOL,2006,GOL,
36,Volkswagen,480,GOL,2005,GOL,
36,Volkswagen,480,GOL,2004,GOL,
36,Volkswagen,480,GOL,2003,GOL,
36,Volkswagen,480,GOL,2002,GOL,
36,Volkswagen,480,GOL,2001,GOL,
36,Volkswagen,480,GOL,2000,GOL,
36,Volkswagen,480,GOL,1999,GOL,
36,Volkswagen,480,GOL,1998,GOL,
36,Volkswagen,480,GOL,1997,GOL,
36,Volkswagen,480,GOL,1996,GOL,
36,Volkswagen,480,GOL,1995,GOL,
36,Volkswagen,480,GOL,1994,GOL,
36,Volkswagen,480,GOL,1993,GOL,
36,Volkswagen,480,GOL,1992,GOL,
36,Volkswagen,480,GOL,1991,GOL,
36,Volkswagen,480,GOL,1990,GOL,
36,Volkswagen,480,GOL,1989,GOL,
36,Volkswagen,480,GOL,1988,GOL,
36,Volkswagen,480,GOL,1987,GOL,
36,Volkswagen,480,GOL,1986,GOL,
36,Volkswagen,480,GOL,1985,GOL,
36,Volkswagen,480,GOL,1984,GOL,
36,Volkswagen,480,GOL,1983,GOL,
36,Volkswagen,480,GOL,1982,GOL,
36,Volkswagen,480,GOL,1981,GOL,
3,Audi,12,100,2021,100,
3,Audi,20,100 AVANT,2021,100,AVANT
3,Audi,15,A3,2021,A3,
3,Audi,2550,A3 CABRIOLET,2021,A3,CABRIOLET
3,Audi,2517,A3 SEDAN,2021,A3,SEDAN
3,Audi,35,TT,2021,TT,
3,Audi,2575,TT RS,2021,TT,RS
4,BMW,2617,X4,2021,X4,
100,Caoa Chery,1092,CIELO HATCH,2022,CIELO,HATCH
100,Caoa Chery,1093,CIELO SEDAN,2022,CIELO,SEDAN
5,Chevrolet,121,ASTRA HATCH,2022,ASTRA,HATCH
5,Chevrolet,122,ASTRA SEDAN,2022,ASTRA,SEDAN
5,Chevrolet,123,ASTRA WAGON,2022,ASTRA,WAGON
5,Chevrolet,559,BLAZER,2022,BLAZER,
5,Chevrolet,539,C10,2022,C10,
5,Chevrolet,543,C20,2022,C20,
5,Chevrolet,128,CARAVAN,2022,CARAVAN,
5,Chevrolet,130,CELTA,2022,CELTA,
5,Chevrolet,131,CHEVETTE HATCH,2022,CHEVETTE,HATCH
5,Chevrolet,133,CHEVETTE SEDAN,2022,CHEVETTE,SEDAN
5,Chevrolet,547,CHEVY 500,2022,CHEVY,500
5,Chevrolet,877,CLASSIC,2022,CLASSIC,
5,Chevrolet,2329,COBALT,2022,COBALT,
5,Chevrolet,134,CORSA HATCH,2000,CORSA,HATCH
5,Chevrolet,548,CORSA PICK-UP,2001,CORSA,PICK-UP
5,Chevrolet,135,CORSA SEDAN,2001,CORSA,SEDAN
5,Chevrolet,136,CORSA WAGON,2002,CORSA,WAGON
5,Chevrolet,2317,CRUZE,2022,CRUZE,
5,Chevrolet,2363,CRUZE SPORT6,2022,CRUZE,SPORT6
5,Chevrolet,140,KADETT,2022,KADETT,
5,Chevrolet,139,KADETT CONVERSIVEL,2022,KADETT,CONVERSIVEL
5,Chevrolet,143,MERIVA,2022,MERIVA,
5,Chevrolet,558,MONTANA,2022,MONTANA,
5,Chevrolet,920,MONTANA COMBO,2022,MONTANA,COMBO
5,Chevrolet,145,MONZA,2022,MONZA,
5,Chevrolet,144,MONZA HATCH,2022,MONZA,HATCH
5,Chevrolet,146,OMEGA,2022,OMEGA,
5,Chevrolet,2428,ONIX,2022,ONIX,
5,Chevrolet,2794,ONIX PLUS,2022,ONIX,PLUS
5,Chevrolet,149,OPALA,2022,OPALA,
5,Chevrolet,148,OPALA COUPE,2022,OPALA,COUPE
5,Chevrolet,902,PRISMA,2022,PRISMA,
5,Chevrolet,560,S10 CABINE DUPLA,2022,S10,CABINE DUPLA
5,Chevrolet,2487,S10 CABINE SIMPLES,2022,S10,CABINE SIMPLES
5,Chevrolet,2388,SPIN,2022,SPIN,
5,Chevrolet,567,TRACKER,2022,TRACKER,
5,Chevrolet,151,VECTRA,2022,VECTRA,
5,Chevrolet,914,VECTRA GT,2022,VECTRA,GT
5,Chevrolet,152,ZAFIRA,2022,ZAFIRA,
7,Citroën,162,AX,2021,AX,
7,Citroën,164,BX,2021,BX,
7,Citroën,165,C3,2021,C3,
7,Citroën,2295,C3 PICASSO,2021,C3,PICASSO
7,Citroën,173,XSARA,2021,XSARA,
7,Citroën,174,XSARA BREAK,2021,XSARA,BREAK
7,Citroën,2655,XSARA COUPE,2021,XSARA,COUPE
7,Citroën,175,XSARA PICASSO,2021,XSARA,PICASSO
12,Dodge,1078,DART,2018,DART,
91,Effa,953,HAFEI ZHONGYI FURGÃO,2019,HAFEI,ZHONGYI FURGÃO
91,Effa,954,HAFEI ZHONGYI PICAPE,2019,HAFEI,ZHONGYI PICAPE
91,Effa,2324,HAFEI ZHONGYI START,2019,HAFEI,ZHONGYI START
91,Effa,951,HAFEI ZHONGYI VAN,2019,HAFEI,ZHONGYI VAN
14,Fiat,202,147,2022,147,
14,Fiat,588,147 FURGAO,2022,147,FURGAO
14,Fiat,589,147 PICK-UP,2022,147,PICK-UP
14,Fiat,2723,ARGO,2022,ARGO,
14,Fiat,204,BRAVA,2022,BRAVA,
14,Fiat,205,BRAVO,2022,BRAVO,
14,Fiat,208,DOBLÒ,2022,DOBLÒ,
14,Fiat,1103,DOBLÒ CARGO,2022,DOBLÒ,CARGO
14,Fiat,591,DUCATO,2022,DUCATO,
14,Fiat,210,ELBA,2022,ELBA,
14,Fiat,893,FIORINO,2022,FIORINO,
14,Fiat,935,FIORINO PICK-UP,2022,FIORINO,PICK-UP
14,Fiat,857,IDEA,2022,IDEA,
14,Fiat,973,LINEA,2022,LINEA,
14,Fiat,211,MAREA,2022,MAREA,
14,Fiat,212,MAREA WEEKEND,2022,MAREA,WEEKEND
14,Fiat,2679,MOBI,2022,MOBI,
14,Fiat,214,PALIO,2002,PALIO,
14,Fiat,215,PALIO WEEKEND,2014,PALIO,WEEKEND
14,Fiat,217,PREMIO,2022,PREMIO,
14,Fiat,218,PUNTO,2022,PUNTO,
14,Fiat,219,PUNTO CABRIO,2022,PUNTO,CABRIO
14,Fiat,220,SIENA,2022,SIENA,
14,Fiat,221,STILO,2022,STILO,
14,Fiat,601,STRADA,2022,STRADA,
14,Fiat,222,TEMPRA,2022,TEMPRA,
14,Fiat,2667,TORO,2022,TORO,
14,Fiat,1087,UNO,2021,UNO,
14,Fiat,603,UNO FURGÃO,1993,UNO,FURGÃO
14,Fiat,269,UNO MILLE,1991,UNO,MILLE
14,Fiat,604,UNO PICK-UP,1994,UNO,PICK-UP
14,Fiat,2543,WEEKEND,2022,WEEKEND,
15,Ford,1023,BELINA,2021,BELINA,
15,Ford,605,CLUB WAGON,2021,CLUB,WAGON
15,Ford,273,CORCEL,2021,CORCEL,
15,Ford,606,COURIER,2021,COURIER,
15,Ford,887,COURIER VAN,2021,COURIER,VAN
15,Ford,275,CROWN VICTORIA,2021,CROWN,VICTORIA
15,Ford,278,DEL REY,2021,DEL,REY
15,Ford,276,DEL REY BELINA / SCALA,2021,DEL,REY BELINA / SCALA
15,Ford,607,ECOSPORT,2021,ECOSPORT,
15,Ford,280,ESCORT,2021,ESCORT,
15,Ford,279,ESCORT CONVERSIVEL,2021,ESCORT,CONVERSIVEL
15,Ford,281,ESCORT SEDAN,2021,ESCORT,SEDAN
15,Ford,282,ESCORT SW,2021,ESCORT,SW
15,Ford,611,F-1000,2021,F-1000,
15,Ford,619,F-250,2021,F-250,
15,Ford,979,F-4000,2021,F-4000,
15,Ford,283,FIESTA HATCH,2021,FIESTA,HATCH
15,Ford,284,FIESTA SEDAN,2021,FIESTA,SEDAN
15,Ford,1064,FORD 1929,2021,FORD,1929
15,Ford,625,IBIZA,2021,IBIZA,
15,Ford,287,KA,2021,KA,
15,Ford,2547,KA SEDAN,2021,KA,SEDAN
15,Ford,627,PAMPA,2021,PAMPA,
15,Ford,295,VERONA,2021,VERONA,
15,Ford,224,VERSAILLES,2021,VERSAILLES,
15,Ford,296,VERSAILLES ROYALE,2021,VERSAILLES,ROYALE
16,Honda,1036,CITY,2021,CITY,
16,Honda,231,CIVIC,2021,CIVIC,
16,Honda,229,CIVIC COUPE,2021,CIVIC,COUPE
16,Honda,230,CIVIC HATCH,2021,CIVIC,HATCH
16,Honda,232,CIVIC TARGA,2021,CIVIC,TARGA
16,Honda,233,FIT,2021,FIT,
16,Honda,2627,HR-V,2021,HR-V,
16,Honda,2720,WR-V,2021,WR-V,
17,Hyundai,238,ATOS,2022,ATOS,
17,Hyundai,926,AZERA,2022,AZERA,
17,Hyundai,2714,CRETA,2022,CRETA,
17,Hyundai,2398,HB20,2022,HB20,
17,Hyundai,2448,HB20S,2022,HB20S,
17,Hyundai,2439,HB20X,2022,HB20X,
17,Hyundai,865,HR,2022,HR,
17,Hyundai,1082,IX35,2022,IX35,
17,Hyundai,826,TUCSON,2022,TUCSON,
71,Iveco,661,DAILY,2019,DAILY,
71,Iveco,2684,DAILY FURGÃO,2019,DAILY,FURGÃO
71,Iveco,2510,DAILY MINIBUS,2019,DAILY,MINIBUS
71,Iveco,2685,DAILY VETRATO,2019,DAILY,VETRATO
228,Jac,2671,T5,2022,T5,
228,Jac,2780,T50,2022,T50,
18,Jaguar,2657,XE,2020,XE,
19,Jeep,2340,COMPASS,2021,COMPASS,
19,Jeep,2628,RENEGADE,2021,RENEGADE,
20,Kia,889,PICANTO,2022,PICANTO,
52,Lamborghini,2799,URUS,2016,URUS,
22,Land Rover,678,DEFENDER,2021,DEFENDER,
22,Land Rover,682,FREELANDER,2021,FREELANDER,
23,Lexus,299,LS 400,2019,LS,400
23,Lexus,301,LS 430,2019,LS,430
23,Lexus,925,LS 460,2019,LS,460
23,Lexus,2746,LS 500,2019,LS,500
23,Lexus,2641,NX 200T,2019,NX,200T
23,Lexus,2747,NX 300,2019,NX,300
106,Lifan,2486,X60,2019,X60,
26,Mercedes-Benz,699,SPRINTER,2022,SPRINTER,
26,Mercedes-Benz,705,V 220,2022,V,220
56,MINI,2571,CABRIO,2020,CABRIO,
27,Mitsubishi,2244,ASX,2022,ASX,
27,Mitsubishi,707,L200,2022,L200,
27,Mitsubishi,1109,L200 OUTDOOR,2022,L200,OUTDOOR
27,Mitsubishi,1110,L200 TRITON,2022,L200,TRITON
27,Mitsubishi,384,LANCER,2022,LANCER,
27,Mitsubishi,866,LANCER EVOLUTION,2022,LANCER,EVOLUTION
27,Mitsubishi,2325,LANCER SPORTBACK,2022,LANCER,SPORTBACK
27,Mitsubishi,712,PAJERO,2022,PAJERO,
27,Mitsubishi,1032,PAJERO DAKAR,2022,PAJERO,DAKAR
27,Mitsubishi,875,PAJERO FULL,2022,PAJERO,FULL
27,Mitsubishi,876,PAJERO SPORT,2022,PAJERO,SPORT
27,Mitsubishi,874,PAJERO TR4,2022,PAJERO,TR4
27,Mitsubishi,2244,ASX,2022,ASX,
27,Mitsubishi,2244,ASX,2021,ASX,
27,Mitsubishi,2244,ASX,2020,ASX,
27,Mitsubishi,2244,ASX,2019,ASX,
27,Mitsubishi,2244,ASX,2018,ASX,
27,Mitsubishi,2244,ASX,2017,ASX,
27,Mitsubishi,2244,ASX,2016,ASX,
27,Mitsubishi,2244,ASX,2015,ASX,
27,Mitsubishi,2244,ASX,2014,ASX,
27,Mitsubishi,2244,ASX,2013,ASX,
27,Mitsubishi,2244,ASX,2012,ASX,
27,Mitsubishi,2244,ASX,2011,ASX,
27,Mitsubishi,2244,ASX,2010,ASX,
27,Mitsubishi,2244,ASX,2009,ASX,
27,Mitsubishi,2244,ASX,2008,ASX,
27,Mitsubishi,707,L200,2022,L200,
27,Mitsubishi,707,L200,2021,L200,
27,Mitsubishi,707,L200,2020,L200,
27,Mitsubishi,707,L200,2019,L200,
27,Mitsubishi,707,L200,2018,L200,
27,Mitsubishi,707,L200,2017,L200,
27,Mitsubishi,707,L200,2016,L200,
27,Mitsubishi,707,L200,2015,L200,
27,Mitsubishi,707,L200,2014,L200,
27,Mitsubishi,707,L200,2013,L200,
27,Mitsubishi,707,L200,2012,L200,
27,Mitsubishi,707,L200,2011,L200,
27,Mitsubishi,707,L200,2010,L200,
27,Mitsubishi,707,L200,2009,L200,
27,Mitsubishi,707,L200,2008,L200,
27,Mitsubishi,1109,L200 OUTDOOR,2022,L200,OUTDOOR
27,Mitsubishi,1109,L200 OUTDOOR,2021,L200,OUTDOOR
27,Mitsubishi,1109,L200 OUTDOOR,2020,L200,OUTDOOR
27,Mitsubishi,1109,L200 OUTDOOR,2019,L200,OUTDOOR
27,Mitsubishi,1109,L200 OUTDOOR,2018,L200,OUTDOOR
27,Mitsubishi,1109,L200 OUTDOOR,2017,L200,OUTDOOR
27,Mitsubishi,1109,L200 OUTDOOR,2016,L200,OUTDOOR
27,Mitsubishi,1109,L200 OUTDOOR,2015,L200,OUTDOOR
27,Mitsubishi,1109,L200 OUTDOOR,2014,L200,OUTDOOR
27,Mitsubishi,1109,L200 OUTDOOR,2013,L200,OUTDOOR
27,Mitsubishi,1109,L200 OUTDOOR,2012,L200,OUTDOOR
27,Mitsubishi,1109,L200 OUTDOOR,2011,L200,OUTDOOR
27,Mitsubishi,1109,L200 OUTDOOR,2010,L200,OUTDOOR
27,Mitsubishi,1109,L200 OUTDOOR,2009,L200,OUTDOOR
27,Mitsubishi,1109,L200 OUTDOOR,2008,L200,OUTDOOR
27,Mitsubishi,1110,L200 TRITON,2022,L200,TRITON
27,Mitsubishi,1110,L200 TRITON,2021,L200,TRITON
27,Mitsubishi,1110,L200 TRITON,2020,L200,TRITON
27,Mitsubishi,1110,L200 TRITON,2019,L200,TRITON
27,Mitsubishi,1110,L200 TRITON,2018,L200,TRITON
27,Mitsubishi,1110,L200 TRITON,2017,L200,TRITON
27,Mitsubishi,1110,L200 TRITON,2016,L200,TRITON
27,Mitsubishi,1110,L200 TRITON,2015,L200,TRITON
27,Mitsubishi,1110,L200 TRITON,2014,L200,TRITON
27,Mitsubishi,1110,L200 TRITON,2013,L200,TRITON
27,Mitsubishi,1110,L200 TRITON,2012,L200,TRITON
27,Mitsubishi,1110,L200 TRITON,2011,L200,TRITON
27,Mitsubishi,1110,L200 TRITON,2010,L200,TRITON
27,Mitsubishi,1110,L200 TRITON,2009,L200,TRITON
27,Mitsubishi,1110,L200 TRITON,2008,L200,TRITON
27,Mitsubishi,384,LANCER,2022,LANCER,
27,Mitsubishi,384,LANCER,2021,LANCER,
27,Mitsubishi,384,LANCER,2020,LANCER,
27,Mitsubishi,384,LANCER,2019,LANCER,
27,Mitsubishi,384,LANCER,2018,LANCER,
27,Mitsubishi,384,LANCER,2017,LANCER,
27,Mitsubishi,384,LANCER,2016,LANCER,
27,Mitsubishi,384,LANCER,2015,LANCER,
27,Mitsubishi,384,LANCER,2014,LANCER,
27,Mitsubishi,384,LANCER,2013,LANCER,
27,Mitsubishi,384,LANCER,2012,LANCER,
27,Mitsubishi,384,LANCER,2011,LANCER,
27,Mitsubishi,384,LANCER,2010,LANCER,
27,Mitsubishi,384,LANCER,2009,LANCER,
27,Mitsubishi,384,LANCER,2008,LANCER,
27,Mitsubishi,866,LANCER EVOLUTION,2022,LANCER,EVOLUTION
27,Mitsubishi,866,LANCER EVOLUTION,2021,LANCER,EVOLUTION
27,Mitsubishi,866,LANCER EVOLUTION,2020,LANCER,EVOLUTION
27,Mitsubishi,866,LANCER EVOLUTION,2019,LANCER,EVOLUTION
27,Mitsubishi,866,LANCER EVOLUTION,2018,LANCER,EVOLUTION
27,Mitsubishi,866,LANCER EVOLUTION,2017,LANCER,EVOLUTION
27,Mitsubishi,866,LANCER EVOLUTION,2016,LANCER,EVOLUTION
27,Mitsubishi,866,LANCER EVOLUTION,2015,LANCER,EVOLUTION
27,Mitsubishi,866,LANCER EVOLUTION,2014,LANCER,EVOLUTION
27,Mitsubishi,866,LANCER EVOLUTION,2013,LANCER,EVOLUTION
27,Mitsubishi,866,LANCER EVOLUTION,2012,LANCER,EVOLUTION
27,Mitsubishi,866,LANCER EVOLUTION,2011,LANCER,EVOLUTION
27,Mitsubishi,866,LANCER EVOLUTION,2010,LANCER,EVOLUTION
27,Mitsubishi,866,LANCER EVOLUTION,2009,LANCER,EVOLUTION
27,Mitsubishi,866,LANCER EVOLUTION,2008,LANCER,EVOLUTION
27,Mitsubishi,2325,LANCER SPORTBACK,2022,LANCER,SPORTBACK
27,Mitsubishi,2325,LANCER SPORTBACK,2021,LANCER,SPORTBACK
27,Mitsubishi,2325,LANCER SPORTBACK,2020,LANCER,SPORTBACK
27,Mitsubishi,2325,LANCER SPORTBACK,2019,LANCER,SPORTBACK
27,Mitsubishi,2325,LANCER SPORTBACK,2018,LANCER,SPORTBACK
27,Mitsubishi,2325,LANCER SPORTBACK,2017,LANCER,SPORTBACK
27,Mitsubishi,2325,LANCER SPORTBACK,2016,LANCER,SPORTBACK
27,Mitsubishi,2325,LANCER SPORTBACK,2015,LANCER,SPORTBACK
27,Mitsubishi,2325,LANCER SPORTBACK,2014,LANCER,SPORTBACK
27,Mitsubishi,2325,LANCER SPORTBACK,2013,LANCER,SPORTBACK
27,Mitsubishi,2325,LANCER SPORTBACK,2012,LANCER,SPORTBACK
27,Mitsubishi,2325,LANCER SPORTBACK,2011,LANCER,SPORTBACK
27,Mitsubishi,2325,LANCER SPORTBACK,2010,LANCER,SPORTBACK
27,Mitsubishi,2325,LANCER SPORTBACK,2009,LANCER,SPORTBACK
27,Mitsubishi,2325,LANCER SPORTBACK,2008,LANCER,SPORTBACK
27,Mitsubishi,712,PAJERO,2022,PAJERO,
27,Mitsubishi,712,PAJERO,2021,PAJERO,
27,Mitsubishi,712,PAJERO,2020,PAJERO,
27,Mitsubishi,712,PAJERO,2019,PAJERO,
27,Mitsubishi,712,PAJERO,2018,PAJERO,
27,Mitsubishi,712,PAJERO,2017,PAJERO,
27,Mitsubishi,712,PAJERO,2016,PAJERO,
27,Mitsubishi,712,PAJERO,2015,PAJERO,
27,Mitsubishi,712,PAJERO,2014,PAJERO,
27,Mitsubishi,712,PAJERO,2013,PAJERO,
27,Mitsubishi,712,PAJERO,2012,PAJERO,
27,Mitsubishi,712,PAJERO,2011,PAJERO,
27,Mitsubishi,712,PAJERO,2010,PAJERO,
27,Mitsubishi,712,PAJERO,2009,PAJERO,
27,Mitsubishi,712,PAJERO,2008,PAJERO,
27,Mitsubishi,1032,PAJERO DAKAR,2022,PAJERO,DAKAR
27,Mitsubishi,1032,PAJERO DAKAR,2021,PAJERO,DAKAR
27,Mitsubishi,1032,PAJERO DAKAR,2020,PAJERO,DAKAR
27,Mitsubishi,1032,PAJERO DAKAR,2019,PAJERO,DAKAR
27,Mitsubishi,1032,PAJERO DAKAR,2018,PAJERO,DAKAR
27,Mitsubishi,1032,PAJERO DAKAR,2017,PAJERO,DAKAR
27,Mitsubishi,1032,PAJERO DAKAR,2016,PAJERO,DAKAR
27,Mitsubishi,1032,PAJERO DAKAR,2015,PAJERO,DAKAR
27,Mitsubishi,1032,PAJERO DAKAR,2014,PAJERO,DAKAR
27,Mitsubishi,1032,PAJERO DAKAR,2013,PAJERO,DAKAR
27,Mitsubishi,1032,PAJERO DAKAR,2012,PAJERO,DAKAR
27,Mitsubishi,1032,PAJERO DAKAR,2011,PAJERO,DAKAR
27,Mitsubishi,1032,PAJERO DAKAR,2010,PAJERO,DAKAR
27,Mitsubishi,1032,PAJERO DAKAR,2009,PAJERO,DAKAR
27,Mitsubishi,1032,PAJERO DAKAR,2008,PAJERO,DAKAR
27,Mitsubishi,875,PAJERO FULL,2022,PAJERO,FULL
27,Mitsubishi,875,PAJERO FULL,2021,PAJERO,FULL
27,Mitsubishi,875,PAJERO FULL,2020,PAJERO,FULL
27,Mitsubishi,875,PAJERO FULL,2019,PAJERO,FULL
27,Mitsubishi,875,PAJERO FULL,2018,PAJERO,FULL
27,Mitsubishi,875,PAJERO FULL,2017,PAJERO,FULL
27,Mitsubishi,875,PAJERO FULL,2016,PAJERO,FULL
27,Mitsubishi,875,PAJERO FULL,2015,PAJERO,FULL
27,Mitsubishi,875,PAJERO FULL,2014,PAJERO,FULL
27,Mitsubishi,875,PAJERO FULL,2013,PAJERO,FULL
27,Mitsubishi,875,PAJERO FULL,2012,PAJERO,FULL
27,Mitsubishi,875,PAJERO FULL,2011,PAJERO,FULL
27,Mitsubishi,875,PAJERO FULL,2010,PAJERO,FULL
27,Mitsubishi,875,PAJERO FULL,2009,PAJERO,FULL
27,Mitsubishi,875,PAJERO FULL,2008,PAJERO,FULL
27,Mitsubishi,876,PAJERO SPORT,2022,PAJERO,SPORT
27,Mitsubishi,876,PAJERO SPORT,2021,PAJERO,SPORT
27,Mitsubishi,876,PAJERO SPORT,2020,PAJERO,SPORT
27,Mitsubishi,876,PAJERO SPORT,2019,PAJERO,SPORT
27,Mitsubishi,876,PAJERO SPORT,2018,PAJERO,SPORT
27,Mitsubishi,876,PAJERO SPORT,2017,PAJERO,SPORT
27,Mitsubishi,876,PAJERO SPORT,2016,PAJERO,SPORT
27,Mitsubishi,876,PAJERO SPORT,2015,PAJERO,SPORT
27,Mitsubishi,876,PAJERO SPORT,2014,PAJERO,SPORT
27,Mitsubishi,876,PAJERO SPORT,2013,PAJERO,SPORT
27,Mitsubishi,876,PAJERO SPORT,2012,PAJERO,SPORT
27,Mitsubishi,876,PAJERO SPORT,2011,PAJERO,SPORT
27,Mitsubishi,876,PAJERO SPORT,2010,PAJERO,SPORT
27,Mitsubishi,876,PAJERO SPORT,2009,PAJERO,SPORT
27,Mitsubishi,876,PAJERO SPORT,2008,PAJERO,SPORT
27,Mitsubishi,874,PAJERO TR4,2022,PAJERO,TR4
27,Mitsubishi,874,PAJERO TR4,2021,PAJERO,TR4
27,Mitsubishi,874,PAJERO TR4,2020,PAJERO,TR4
27,Mitsubishi,874,PAJERO TR4,2019,PAJERO,TR4
27,Mitsubishi,874,PAJERO TR4,2018,PAJERO,TR4
27,Mitsubishi,874,PAJERO TR4,2017,PAJERO,TR4
27,Mitsubishi,874,PAJERO TR4,2016,PAJERO,TR4
27,Mitsubishi,874,PAJERO TR4,2015,PAJERO,TR4
27,Mitsubishi,874,PAJERO TR4,2014,PAJERO,TR4
27,Mitsubishi,874,PAJERO TR4,2013,PAJERO,TR4
27,Mitsubishi,874,PAJERO TR4,2012,PAJERO,TR4
27,Mitsubishi,874,PAJERO TR4,2011,PAJERO,TR4
27,Mitsubishi,874,PAJERO TR4,2010,PAJERO,TR4
27,Mitsubishi,874,PAJERO TR4,2009,PAJERO,TR4
27,Mitsubishi,874,PAJERO TR4,2008,PAJERO,TR4
28,Nissan,720,AX,2022,AX,
28,Nissan,720,AX,2021,AX,
28,Nissan,720,AX,2020,AX,
28,Nissan,720,AX,2019,AX,
28,Nissan,720,AX,2018,AX,
28,Nissan,720,AX,2017,AX,
28,Nissan,721,FRONTIER,2022,FRONTIER,
28,Nissan,721,FRONTIER,2021,FRONTIER,
28,Nissan,721,FRONTIER,2020,FRONTIER,
28,Nissan,721,FRONTIER,2019,FRONTIER,
28,Nissan,721,FRONTIER,2018,FRONTIER,
28,Nissan,721,FRONTIER,2017,FRONTIER,
28,Nissan,2696,KICKS,2022,KICKS,
28,Nissan,2696,KICKS,2021,KICKS,
28,Nissan,2696,KICKS,2020,KICKS,
28,Nissan,2696,KICKS,2019,KICKS,
28,Nissan,2696,KICKS,2018,KICKS,
28,Nissan,2696,KICKS,2017,KICKS,
28,Nissan,2701,LEAF,2022,LEAF,
28,Nissan,2701,LEAF,2021,LEAF,
28,Nissan,2701,LEAF,2020,LEAF,
28,Nissan,2701,LEAF,2019,LEAF,
28,Nissan,2701,LEAF,2018,LEAF,
28,Nissan,2701,LEAF,2017,LEAF,
28,Nissan,1001,LIVINA,2022,LIVINA,
28,Nissan,1001,LIVINA,2021,LIVINA,
28,Nissan,1001,LIVINA,2020,LIVINA,
28,Nissan,1001,LIVINA,2019,LIVINA,
28,Nissan,1001,LIVINA,2018,LIVINA,
28,Nissan,1001,LIVINA,2017,LIVINA,
28,Nissan,2314,MARCH,2022,MARCH,
28,Nissan,2314,MARCH,2021,MARCH,
28,Nissan,2314,MARCH,2020,MARCH,
28,Nissan,2314,MARCH,2019,MARCH,
28,Nissan,2314,MARCH,2018,MARCH,
28,Nissan,2314,MARCH,2017,MARCH,
28,Nissan,390,NX 2000,2022,NX,2000
28,Nissan,390,NX 2000,2021,NX,2000
28,Nissan,390,NX 2000,2020,NX,2000
28,Nissan,390,NX 2000,2019,NX,2000
28,Nissan,390,NX 2000,2018,NX,2000
28,Nissan,390,NX 2000,2017,NX,2000
28,Nissan,2318,VERSA,2022,VERSA,
28,Nissan,2318,VERSA,2021,VERSA,
28,Nissan,2318,VERSA,2020,VERSA,
28,Nissan,2318,VERSA,2019,VERSA,
28,Nissan,2318,VERSA,2018,VERSA,
28,Nissan,2318,VERSA,2017,VERSA,
28,Nissan,728,XTERRA,2022,XTERRA,
28,Nissan,728,XTERRA,2021,XTERRA,
28,Nissan,728,XTERRA,2020,XTERRA,
28,Nissan,728,XTERRA,2019,XTERRA,
28,Nissan,728,XTERRA,2018,XTERRA,
28,Nissan,728,XTERRA,2017,XTERRA,
40,Outras,468,COROLLA,2022,COROLLA,
40,Outras,468,COROLLA,2021,COROLLA,
40,Outras,468,COROLLA,2020,COROLLA,
40,Outras,468,COROLLA,2019,COROLLA,
40,Outras,468,COROLLA,2018,COROLLA,
40,Outras,468,COROLLA,2017,COROLLA,
40,Outras,468,COROLLA,2016,COROLLA,
40,Outras,468,COROLLA,2015,COROLLA,
40,Outras,468,COROLLA,2014,COROLLA,
40,Outras,468,COROLLA,2013,COROLLA,
40,Outras,468,COROLLA,2012,COROLLA,
40,Outras,468,COROLLA,2011,COROLLA,
40,Outras,468,COROLLA,2010,COROLLA,
40,Outras,468,COROLLA,2009,COROLLA,
40,Outras,468,COROLLA,2008,COROLLA,
40,Outras,468,COROLLA,2007,COROLLA,
40,Outras,468,COROLLA,2006,COROLLA,
40,Outras,468,COROLLA,2005,COROLLA,
40,Outras,468,COROLLA,2004,COROLLA,
40,Outras,468,COROLLA,2003,COROLLA,
40,Outras,468,COROLLA,2002,COROLLA,
40,Outras,468,COROLLA,2001,COROLLA,
40,Outras,468,COROLLA,2000,COROLLA,
40,Outras,468,COROLLA,1999,COROLLA,
40,Outras,468,COROLLA,1998,COROLLA,
40,Outras,468,COROLLA,1997,COROLLA,
40,Outras,468,COROLLA,1996,COROLLA,
40,Outras,468,COROLLA,1995,COROLLA,
40,Outras,468,COROLLA,1994,COROLLA,
40,Outras,468,COROLLA,1993,COROLLA,
40,Outras,468,COROLLA,1992,COROLLA,
40,Outras,2823,COROLLA CROSS,2022,COROLLA,CROSS
40,Outras,2823,COROLLA CROSS,2021,COROLLA,CROSS
40,Outras,2823,COROLLA CROSS,2020,COROLLA,CROSS
40,Outras,2823,COROLLA CROSS,2019,COROLLA,CROSS
40,Outras,2823,COROLLA CROSS,2018,COROLLA,CROSS
40,Outras,2823,COROLLA CROSS,2017,COROLLA,CROSS
40,Outras,2823,COROLLA CROSS,2016,COROLLA,CROSS
40,Outras,2823,COROLLA CROSS,2015,COROLLA,CROSS
40,Outras,2823,COROLLA CROSS,2014,COROLLA,CROSS
40,Outras,2823,COROLLA CROSS,2013,COROLLA,CROSS
40,Outras,2823,COROLLA CROSS,2012,COROLLA,CROSS
40,Outras,2823,COROLLA CROSS,2011,COROLLA,CROSS
40,Outras,2823,COROLLA CROSS,2010,COROLLA,CROSS
40,Outras,2823,COROLLA CROSS,2009,COROLLA,CROSS
40,Outras,2823,COROLLA CROSS,2008,COROLLA,CROSS
40,Outras,2823,COROLLA CROSS,2007,COROLLA,CROSS
40,Outras,2823,COROLLA CROSS,2006,COROLLA,CROSS
40,Outras,2823,COROLLA CROSS,2005,COROLLA,CROSS
40,Outras,2823,COROLLA CROSS,2004,COROLLA,CROSS
40,Outras,2823,COROLLA CROSS,2003,COROLLA,CROSS
40,Outras,2823,COROLLA CROSS,2002,COROLLA,CROSS
40,Outras,2823,COROLLA CROSS,2001,COROLLA,CROSS
40,Outras,2823,COROLLA CROSS,2000,COROLLA,CROSS
40,Outras,2823,COROLLA CROSS,1999,COROLLA,CROSS
40,Outras,2823,COROLLA CROSS,1998,COROLLA,CROSS
40,Outras,2823,COROLLA CROSS,1997,COROLLA,CROSS
40,Outras,2823,COROLLA CROSS,1996,COROLLA,CROSS
40,Outras,2823,COROLLA CROSS,1995,COROLLA,CROSS
40,Outras,2823,COROLLA CROSS,1994,COROLLA,CROSS
40,Outras,2823,COROLLA CROSS,1993,COROLLA,CROSS
40,Outras,2823,COROLLA CROSS,1992,COROLLA,CROSS
40,Outras,904,COROLLA FIELDER,2022,COROLLA,FIELDER
40,Outras,904,COROLLA FIELDER,2021,COROLLA,FIELDER
40,Outras,904,COROLLA FIELDER,2020,COROLLA,FIELDER
40,Outras,904,COROLLA FIELDER,2019,COROLLA,FIELDER
40,Outras,904,COROLLA FIELDER,2018,COROLLA,FIELDER
40,Outras,904,COROLLA FIELDER,2017,COROLLA,FIELDER
40,Outras,904,COROLLA FIELDER,2016,COROLLA,FIELDER
40,Outras,904,COROLLA FIELDER,2015,COROLLA,FIELDER
40,Outras,904,COROLLA FIELDER,2014,COROLLA,FIELDER
40,Outras,904,COROLLA FIELDER,2013,COROLLA,FIELDER
40,Outras,904,COROLLA FIELDER,2012,COROLLA,FIELDER
40,Outras,904,COROLLA FIELDER,2011,COROLLA,FIELDER
40,Outras,904,COROLLA FIELDER,2010,COROLLA,FIELDER
40,Outras,904,COROLLA FIELDER,2009,COROLLA,FIELDER
40,Outras,904,COROLLA FIELDER,2008,COROLLA,FIELDER
40,Outras,904,COROLLA FIELDER,2007,COROLLA,FIELDER
40,Outras,904,COROLLA FIELDER,2006,COROLLA,FIELDER
40,Outras,904,COROLLA FIELDER,2005,COROLLA,FIELDER
40,Outras,904,COROLLA FIELDER,2004,COROLLA,FIELDER
40,Outras,904,COROLLA FIELDER,2003,COROLLA,FIELDER
40,Outras,904,COROLLA FIELDER,2002,COROLLA,FIELDER
40,Outras,904,COROLLA FIELDER,2001,COROLLA,FIELDER
40,Outras,904,COROLLA FIELDER,2000,COROLLA,FIELDER
40,Outras,904,COROLLA FIELDER,1999,COROLLA,FIELDER
40,Outras,904,COROLLA FIELDER,1998,COROLLA,FIELDER
40,Outras,904,COROLLA FIELDER,1997,COROLLA,FIELDER
40,Outras,904,COROLLA FIELDER,1996,COROLLA,FIELDER
40,Outras,904,COROLLA FIELDER,1995,COROLLA,FIELDER
40,Outras,904,COROLLA FIELDER,1994,COROLLA,FIELDER
40,Outras,904,COROLLA FIELDER,1993,COROLLA,FIELDER
40,Outras,904,COROLLA FIELDER,1992,COROLLA,FIELDER
40,Outras,469,COROLLA WAGON,2022,COROLLA,WAGON
40,Outras,469,COROLLA WAGON,2021,COROLLA,WAGON
40,Outras,469,COROLLA WAGON,2020,COROLLA,WAGON
40,Outras,469,COROLLA WAGON,2019,COROLLA,WAGON
40,Outras,469,COROLLA WAGON,2018,COROLLA,WAGON
40,Outras,469,COROLLA WAGON,2017,COROLLA,WAGON
40,Outras,469,COROLLA WAGON,2016,COROLLA,WAGON
40,Outras,469,COROLLA WAGON,2015,COROLLA,WAGON
40,Outras,469,COROLLA WAGON,2014,COROLLA,WAGON
40,Outras,469,COROLLA WAGON,2013,COROLLA,WAGON
40,Outras,469,COROLLA WAGON,2012,COROLLA,WAGON
40,Outras,469,COROLLA WAGON,2011,COROLLA,WAGON
40,Outras,469,COROLLA WAGON,2010,COROLLA,WAGON
40,Outras,469,COROLLA WAGON,2009,COROLLA,WAGON
40,Outras,469,COROLLA WAGON,2008,COROLLA,WAGON
40,Outras,469,COROLLA WAGON,2007,COROLLA,WAGON
40,Outras,469,COROLLA WAGON,2006,COROLLA,WAGON
40,Outras,469,COROLLA WAGON,2005,COROLLA,WAGON
40,Outras,469,COROLLA WAGON,2004,COROLLA,WAGON
40,Outras,469,COROLLA WAGON,2003,COROLLA,WAGON
40,Outras,469,COROLLA WAGON,2002,COROLLA,WAGON
40,Outras,469,COROLLA WAGON,2001,COROLLA,WAGON
40,Outras,469,COROLLA WAGON,2000,COROLLA,WAGON
40,Outras,469,COROLLA WAGON,1999,COROLLA,WAGON
40,Outras,469,COROLLA WAGON,1998,COROLLA,WAGON
40,Outras,469,COROLLA WAGON,1997,COROLLA,WAGON
40,Outras,469,COROLLA WAGON,1996,COROLLA,WAGON
40,Outras,469,COROLLA WAGON,1995,COROLLA,WAGON
40,Outras,469,COROLLA WAGON,1994,COROLLA,WAGON
40,Outras,469,COROLLA WAGON,1993,COROLLA,WAGON
40,Outras,469,COROLLA WAGON,1992,COROLLA,WAGON
40,Outras,2417,ETIOS HATCH,2022,ETIOS,HATCH
40,Outras,2417,ETIOS HATCH,2021,ETIOS,HATCH
40,Outras,2417,ETIOS HATCH,2020,ETIOS,HATCH
40,Outras,2417,ETIOS HATCH,2019,ETIOS,HATCH
40,Outras,2417,ETIOS HATCH,2018,ETIOS,HATCH
40,Outras,2417,ETIOS HATCH,2017,ETIOS,HATCH
40,Outras,2417,ETIOS HATCH,2016,ETIOS,HATCH
40,Outras,2417,ETIOS HATCH,2015,ETIOS,HATCH
40,Outras,2417,ETIOS HATCH,2014,ETIOS,HATCH
40,Outras,2417,ETIOS HATCH,2013,ETIOS,HATCH
40,Outras,2417,ETIOS HATCH,2012,ETIOS,HATCH
40,Outras,2417,ETIOS HATCH,2011,ETIOS,HATCH
40,Outras,2417,ETIOS HATCH,2010,ETIOS,HATCH
40,Outras,2417,ETIOS HATCH,2009,ETIOS,HATCH
40,Outras,2417,ETIOS HATCH,2008,ETIOS,HATCH
40,Outras,2417,ETIOS HATCH,2007,ETIOS,HATCH
40,Outras,2417,ETIOS HATCH,2006,ETIOS,HATCH
40,Outras,2417,ETIOS HATCH,2005,ETIOS,HATCH
40,Outras,2417,ETIOS HATCH,2004,ETIOS,HATCH
40,Outras,2417,ETIOS HATCH,2003,ETIOS,HATCH
40,Outras,2417,ETIOS HATCH,2002,ETIOS,HATCH
40,Outras,2417,ETIOS HATCH,2001,ETIOS,HATCH
40,Outras,2417,ETIOS HATCH,2000,ETIOS,HATCH
40,Outras,2417,ETIOS HATCH,1999,ETIOS,HATCH
40,Outras,2417,ETIOS HATCH,1998,ETIOS,HATCH
40,Outras,2417,ETIOS HATCH,1997,ETIOS,HATCH
40,Outras,2417,ETIOS HATCH,1996,ETIOS,HATCH
40,Outras,2417,ETIOS HATCH,1995,ETIOS,HATCH
40,Outras,2417,ETIOS HATCH,1994,ETIOS,HATCH
40,Outras,2417,ETIOS HATCH,1993,ETIOS,HATCH
40,Outras,2417,ETIOS HATCH,1992,ETIOS,HATCH
40,Outras,2418,ETIOS SEDAN,2022,ETIOS,SEDAN
40,Outras,2418,ETIOS SEDAN,2021,ETIOS,SEDAN
40,Outras,2418,ETIOS SEDAN,2020,ETIOS,SEDAN
40,Outras,2418,ETIOS SEDAN,2019,ETIOS,SEDAN
40,Outras,2418,ETIOS SEDAN,2018,ETIOS,SEDAN
40,Outras,2418,ETIOS SEDAN,2017,ETIOS,SEDAN
40,Outras,2418,ETIOS SEDAN,2016,ETIOS,SEDAN
40,Outras,2418,ETIOS SEDAN,2015,ETIOS,SEDAN
40,Outras,2418,ETIOS SEDAN,2014,ETIOS,SEDAN
40,Outras,2418,ETIOS SEDAN,2013,ETIOS,SEDAN
40,Outras,2418,ETIOS SEDAN,2012,ETIOS,SEDAN
40,Outras,2418,ETIOS SEDAN,2011,ETIOS,SEDAN
40,Outras,2418,ETIOS SEDAN,2010,ETIOS,SEDAN
40,Outras,2418,ETIOS SEDAN,2009,ETIOS,SEDAN
40,Outras,2418,ETIOS SEDAN,2008,ETIOS,SEDAN
40,Outras,2418,ETIOS SEDAN,2007,ETIOS,SEDAN
40,Outras,2418,ETIOS SEDAN,2006,ETIOS,SEDAN
40,Outras,2418,ETIOS SEDAN,2005,ETIOS,SEDAN
40,Outras,2418,ETIOS SEDAN,2004,ETIOS,SEDAN
40,Outras,2418,ETIOS SEDAN,2003,ETIOS,SEDAN
40,Outras,2418,ETIOS SEDAN,2002,ETIOS,SEDAN
40,Outras,2418,ETIOS SEDAN,2001,ETIOS,SEDAN
40,Outras,2418,ETIOS SEDAN,2000,ETIOS,SEDAN
40,Outras,2418,ETIOS SEDAN,1999,ETIOS,SEDAN
40,Outras,2418,ETIOS SEDAN,1998,ETIOS,SEDAN
40,Outras,2418,ETIOS SEDAN,1997,ETIOS,SEDAN
40,Outras,2418,ETIOS SEDAN,1996,ETIOS,SEDAN
40,Outras,2418,ETIOS SEDAN,1995,ETIOS,SEDAN
40,Outras,2418,ETIOS SEDAN,1994,ETIOS,SEDAN
40,Outras,2418,ETIOS SEDAN,1993,ETIOS,SEDAN
40,Outras,2418,ETIOS SEDAN,1992,ETIOS,SEDAN
40,Outras,2758,YARIS HATCH,2022,YARIS,HATCH
40,Outras,2758,YARIS HATCH,2021,YARIS,HATCH
40,Outras,2758,YARIS HATCH,2020,YARIS,HATCH
40,Outras,2758,YARIS HATCH,2019,YARIS,HATCH
40,Outras,2758,YARIS HATCH,2018,YARIS,HATCH
40,Outras,2758,YARIS HATCH,2017,YARIS,HATCH
40,Outras,2758,YARIS HATCH,2016,YARIS,HATCH
40,Outras,2758,YARIS HATCH,2015,YARIS,HATCH
40,Outras,2758,YARIS HATCH,2014,YARIS,HATCH
40,Outras,2758,YARIS HATCH,2013,YARIS,HATCH
40,Outras,2758,YARIS HATCH,2012,YARIS,HATCH
40,Outras,2758,YARIS HATCH,2011,YARIS,HATCH
40,Outras,2758,YARIS HATCH,2010,YARIS,HATCH
40,Outras,2758,YARIS HATCH,2009,YARIS,HATCH
40,Outras,2758,YARIS HATCH,2008,YARIS,HATCH
40,Outras,2758,YARIS HATCH,2007,YARIS,HATCH
40,Outras,2758,YARIS HATCH,2006,YARIS,HATCH
40,Outras,2758,YARIS HATCH,2005,YARIS,HATCH
40,Outras,2758,YARIS HATCH,2004,YARIS,HATCH
40,Outras,2758,YARIS HATCH,2003,YARIS,HATCH
40,Outras,2758,YARIS HATCH,2002,YARIS,HATCH
40,Outras,2758,YARIS HATCH,2001,YARIS,HATCH
40,Outras,2758,YARIS HATCH,2000,YARIS,HATCH
40,Outras,2758,YARIS HATCH,1999,YARIS,HATCH
40,Outras,2758,YARIS HATCH,1998,YARIS,HATCH
40,Outras,2758,YARIS HATCH,1997,YARIS,HATCH
40,Outras,2758,YARIS HATCH,1996,YARIS,HATCH
40,Outras,2758,YARIS HATCH,1995,YARIS,HATCH
40,Outras,2758,YARIS HATCH,1994,YARIS,HATCH
40,Outras,2758,YARIS HATCH,1993,YARIS,HATCH
40,Outras,2758,YARIS HATCH,1992,YARIS,HATCH
40,Outras,2759,YARIS SEDAN,2022,YARIS,SEDAN
40,Outras,2759,YARIS SEDAN,2021,YARIS,SEDAN
40,Outras,2759,YARIS SEDAN,2020,YARIS,SEDAN
40,Outras,2759,YARIS SEDAN,2019,YARIS,SEDAN
40,Outras,2759,YARIS SEDAN,2018,YARIS,SEDAN
40,Outras,2759,YARIS SEDAN,2017,YARIS,SEDAN
40,Outras,2759,YARIS SEDAN,2016,YARIS,SEDAN
40,Outras,2759,YARIS SEDAN,2015,YARIS,SEDAN
40,Outras,2759,YARIS SEDAN,2014,YARIS,SEDAN
40,Outras,2759,YARIS SEDAN,2013,YARIS,SEDAN
40,Outras,2759,YARIS SEDAN,2012,YARIS,SEDAN
40,Outras,2759,YARIS SEDAN,2011,YARIS,SEDAN
40,Outras,2759,YARIS SEDAN,2010,YARIS,SEDAN
40,Outras,2759,YARIS SEDAN,2009,YARIS,SEDAN
40,Outras,2759,YARIS SEDAN,2008,YARIS,SEDAN
40,Outras,2759,YARIS SEDAN,2007,YARIS,SEDAN
40,Outras,2759,YARIS SEDAN,2006,YARIS,SEDAN
40,Outras,2759,YARIS SEDAN,2005,YARIS,SEDAN
40,Outras,2759,YARIS SEDAN,2004,YARIS,SEDAN
40,Outras,2759,YARIS SEDAN,2003,YARIS,SEDAN
40,Outras,2759,YARIS SEDAN,2002,YARIS,SEDAN
40,Outras,2759,YARIS SEDAN,2001,YARIS,SEDAN
40,Outras,2759,YARIS SEDAN,2000,YARIS,SEDAN
40,Outras,2759,YARIS SEDAN,1999,YARIS,SEDAN
40,Outras,2759,YARIS SEDAN,1998,YARIS,SEDAN
40,Outras,2759,YARIS SEDAN,1997,YARIS,SEDAN
40,Outras,2759,YARIS SEDAN,1996,YARIS,SEDAN
40,Outras,2759,YARIS SEDAN,1995,YARIS,SEDAN
40,Outras,2759,YARIS SEDAN,1994,YARIS,SEDAN
40,Outras,2759,YARIS SEDAN,1993,YARIS,SEDAN
40,Outras,2759,YARIS SEDAN,1992,YARIS,SEDAN
29,Peugeot,2636,2008,2021,2008,
29,Peugeot,2636,2008,2020,2008,
29,Peugeot,2636,2008,2019,2008,
29,Peugeot,2636,2008,2018,2008,
29,Peugeot,2636,2008,2017,2008,
29,Peugeot,2636,2008,2016,2008,
29,Peugeot,2636,2008,2015,2008,
29,Peugeot,2636,2008,2014,2008,
29,Peugeot,2636,2008,2013,2008,
29,Peugeot,401,206,2021,206,
29,Peugeot,401,206,2020,206,
29,Peugeot,401,206,2019,206,
29,Peugeot,401,206,2018,206,
29,Peugeot,401,206,2017,206,
29,Peugeot,401,206,2016,206,
29,Peugeot,401,206,2015,206,
29,Peugeot,401,206,2014,206,
29,Peugeot,401,206,2013,206,
29,Peugeot,400,206 CC,2021,206,CC
29,Peugeot,400,206 CC,2020,206,CC
29,Peugeot,400,206 CC,2019,206,CC
29,Peugeot,400,206 CC,2018,206,CC
29,Peugeot,400,206 CC,2017,206,CC
29,Peugeot,400,206 CC,2016,206,CC
29,Peugeot,400,206 CC,2015,206,CC
29,Peugeot,400,206 CC,2014,206,CC
29,Peugeot,400,206 CC,2013,206,CC
29,Peugeot,820,206 SW,2021,206,SW
29,Peugeot,820,206 SW,2020,206,SW
29,Peugeot,820,206 SW,2019,206,SW
29,Peugeot,820,206 SW,2018,206,SW
29,Peugeot,820,206 SW,2017,206,SW
29,Peugeot,820,206 SW,2016,206,SW
29,Peugeot,820,206 SW,2015,206,SW
29,Peugeot,820,206 SW,2014,206,SW
29,Peugeot,820,206 SW,2013,206,SW
29,Peugeot,948,207,2021,207,
29,Peugeot,948,207,2020,207,
29,Peugeot,948,207,2019,207,
29,Peugeot,948,207,2018,207,
29,Peugeot,948,207,2017,207,
29,Peugeot,948,207,2016,207,
29,Peugeot,948,207,2015,207,
29,Peugeot,948,207,2014,207,
29,Peugeot,948,207,2013,207,
29,Peugeot,949,207 SEDAN,2021,207,SEDAN
29,Peugeot,949,207 SEDAN,2020,207,SEDAN
29,Peugeot,949,207 SEDAN,2019,207,SEDAN
29,Peugeot,949,207 SEDAN,2018,207,SEDAN
29,Peugeot,949,207 SEDAN,2017,207,SEDAN
29,Peugeot,949,207 SEDAN,2016,207,SEDAN
29,Peugeot,949,207 SEDAN,2015,207,SEDAN
29,Peugeot,949,207 SEDAN,2014,207,SEDAN
29,Peugeot,949,207 SEDAN,2013,207,SEDAN
29,Peugeot,950,207 SW,2021,207,SW
29,Peugeot,950,207 SW,2020,207,SW
29,Peugeot,950,207 SW,2019,207,SW
29,Peugeot,950,207 SW,2018,207,SW
29,Peugeot,950,207 SW,2017,207,SW
29,Peugeot,950,207 SW,2016,207,SW
29,Peugeot,950,207 SW,2015,207,SW
29,Peugeot,950,207 SW,2014,207,SW
29,Peugeot,950,207 SW,2013,207,SW
29,Peugeot,987,207 SW ESCAPADE,2021,207,SW ESCAPADE
29,Peugeot,987,207 SW ESCAPADE,2020,207,SW ESCAPADE
29,Peugeot,987,207 SW ESCAPADE,2019,207,SW ESCAPADE
29,Peugeot,987,207 SW ESCAPADE,2018,207,SW ESCAPADE
29,Peugeot,987,207 SW ESCAPADE,2017,207,SW ESCAPADE
29,Peugeot,987,207 SW ESCAPADE,2016,207,SW ESCAPADE
29,Peugeot,987,207 SW ESCAPADE,2015,207,SW ESCAPADE
29,Peugeot,987,207 SW ESCAPADE,2014,207,SW ESCAPADE
29,Peugeot,987,207 SW ESCAPADE,2013,207,SW ESCAPADE
29,Peugeot,2419,208,2021,208,
29,Peugeot,2419,208,2020,208,
29,Peugeot,2419,208,2019,208,
29,Peugeot,2419,208,2018,208,
29,Peugeot,2419,208,2017,208,
29,Peugeot,2419,208,2016,208,
29,Peugeot,2419,208,2015,208,
29,Peugeot,2419,208,2014,208,
29,Peugeot,2419,208,2013,208,
31,Renault,2717,CAPTUR,2022,CAPTUR,
31,Renault,2717,CAPTUR,2021,CAPTUR,
31,Renault,2717,CAPTUR,2020,CAPTUR,
31,Renault,2717,CAPTUR,2019,CAPTUR,
31,Renault,2717,CAPTUR,2018,CAPTUR,
31,Renault,2717,CAPTUR,2017,CAPTUR,
31,Renault,2717,CAPTUR,2016,CAPTUR,
31,Renault,2717,CAPTUR,2015,CAPTUR,
31,Renault,2717,CAPTUR,2014,CAPTUR,
31,Renault,2717,CAPTUR,2013,CAPTUR,
31,Renault,2717,CAPTUR,2012,CAPTUR,
31,Renault,431,CLIO,2022,CLIO,
31,Renault,431,CLIO,2021,CLIO,
31,Renault,431,CLIO,2020,CLIO,
31,Renault,431,CLIO,2019,CLIO,
31,Renault,431,CLIO,2018,CLIO,
31,Renault,431,CLIO,2017,CLIO,
31,Renault,431,CLIO,2016,CLIO,
31,Renault,431,CLIO,2015,CLIO,
31,Renault,431,CLIO,2014,CLIO,
31,Renault,431,CLIO,2013,CLIO,
31,Renault,431,CLIO,2012,CLIO,
31,Renault,432,CLIO SEDAN,2022,CLIO,SEDAN
31,Renault,432,CLIO SEDAN,2021,CLIO,SEDAN
31,Renault,432,CLIO SEDAN,2020,CLIO,SEDAN
31,Renault,432,CLIO SEDAN,2019,CLIO,SEDAN
31,Renault,432,CLIO SEDAN,2018,CLIO,SEDAN
31,Renault,432,CLIO SEDAN,2017,CLIO,SEDAN
31,Renault,432,CLIO SEDAN,2016,CLIO,SEDAN
31,Renault,432,CLIO SEDAN,2015,CLIO,SEDAN
31,Renault,432,CLIO SEDAN,2014,CLIO,SEDAN
31,Renault,432,CLIO SEDAN,2013,CLIO,SEDAN
31,Renault,432,CLIO SEDAN,2012,CLIO,SEDAN
31,Renault,2320,DUSTER,2022,DUSTER,
31,Renault,2320,DUSTER,2021,DUSTER,
31,Renault,2320,DUSTER,2020,DUSTER,
31,Renault,2320,DUSTER,2019,DUSTER,
31,Renault,2320,DUSTER,2018,DUSTER,
31,Renault,2320,DUSTER,2017,DUSTER,
31,Renault,2320,DUSTER,2016,DUSTER,
31,Renault,2320,DUSTER,2015,DUSTER,
31,Renault,2320,DUSTER,2014,DUSTER,
31,Renault,2320,DUSTER,2013,DUSTER,
31,Renault,2320,DUSTER,2012,DUSTER,
31,Renault,2652,DUSTER OROCH,2022,DUSTER,OROCH
31,Renault,2652,DUSTER OROCH,2021,DUSTER,OROCH
31,Renault,2652,DUSTER OROCH,2020,DUSTER,OROCH
31,Renault,2652,DUSTER OROCH,2019,DUSTER,OROCH
31,Renault,2652,DUSTER OROCH,2018,DUSTER,OROCH
31,Renault,2652,DUSTER OROCH,2017,DUSTER,OROCH
31,Renault,2652,DUSTER OROCH,2016,DUSTER,OROCH
31,Renault,2652,DUSTER OROCH,2015,DUSTER,OROCH
31,Renault,2652,DUSTER OROCH,2014,DUSTER,OROCH
31,Renault,2652,DUSTER OROCH,2013,DUSTER,OROCH
31,Renault,2652,DUSTER OROCH,2012,DUSTER,OROCH
31,Renault,2727,KWID,2022,KWID,
31,Renault,2727,KWID,2021,KWID,
31,Renault,2727,KWID,2020,KWID,
31,Renault,2727,KWID,2019,KWID,
31,Renault,2727,KWID,2018,KWID,
31,Renault,2727,KWID,2017,KWID,
31,Renault,2727,KWID,2016,KWID,
31,Renault,2727,KWID,2015,KWID,
31,Renault,2727,KWID,2014,KWID,
31,Renault,2727,KWID,2013,KWID,
31,Renault,2727,KWID,2012,KWID,
31,Renault,910,LOGAN,2022,LOGAN,
31,Renault,910,LOGAN,2021,LOGAN,
31,Renault,910,LOGAN,2020,LOGAN,
31,Renault,910,LOGAN,2019,LOGAN,
31,Renault,910,LOGAN,2018,LOGAN,
31,Renault,910,LOGAN,2017,LOGAN,
31,Renault,910,LOGAN,2016,LOGAN,
31,Renault,910,LOGAN,2015,LOGAN,
31,Renault,910,LOGAN,2014,LOGAN,
31,Renault,910,LOGAN,2013,LOGAN,
31,Renault,910,LOGAN,2012,LOGAN,
31,Renault,739,MASTER,2022,MASTER,
31,Renault,739,MASTER,2021,MASTER,
31,Renault,739,MASTER,2020,MASTER,
31,Renault,739,MASTER,2019,MASTER,
31,Renault,739,MASTER,2018,MASTER,
31,Renault,739,MASTER,2017,MASTER,
31,Renault,739,MASTER,2016,MASTER,
31,Renault,739,MASTER,2015,MASTER,
31,Renault,739,MASTER,2014,MASTER,
31,Renault,739,MASTER,2013,MASTER,
31,Renault,739,MASTER,2012,MASTER,
31,Renault,2497,MASTER CHASSI,2022,MASTER,CHASSI
31,Renault,2497,MASTER CHASSI,2021,MASTER,CHASSI
31,Renault,2497,MASTER CHASSI,2020,MASTER,CHASSI
31,Renault,2497,MASTER CHASSI,2019,MASTER,CHASSI
31,Renault,2497,MASTER CHASSI,2018,MASTER,CHASSI
31,Renault,2497,MASTER CHASSI,2017,MASTER,CHASSI
31,Renault,2497,MASTER CHASSI,2016,MASTER,CHASSI
31,Renault,2497,MASTER CHASSI,2015,MASTER,CHASSI
31,Renault,2497,MASTER CHASSI,2014,MASTER,CHASSI
31,Renault,2497,MASTER CHASSI,2013,MASTER,CHASSI
31,Renault,2497,MASTER CHASSI,2012,MASTER,CHASSI
31,Renault,927,MEGANE CABRIOLET,2022,MEGANE,CABRIOLET
31,Renault,927,MEGANE CABRIOLET,2021,MEGANE,CABRIOLET
31,Renault,927,MEGANE CABRIOLET,2020,MEGANE,CABRIOLET
31,Renault,927,MEGANE CABRIOLET,2019,MEGANE,CABRIOLET
31,Renault,927,MEGANE CABRIOLET,2018,MEGANE,CABRIOLET
31,Renault,927,MEGANE CABRIOLET,2017,MEGANE,CABRIOLET
31,Renault,927,MEGANE CABRIOLET,2016,MEGANE,CABRIOLET
31,Renault,927,MEGANE CABRIOLET,2015,MEGANE,CABRIOLET
31,Renault,927,MEGANE CABRIOLET,2014,MEGANE,CABRIOLET
31,Renault,927,MEGANE CABRIOLET,2013,MEGANE,CABRIOLET
31,Renault,927,MEGANE CABRIOLET,2012,MEGANE,CABRIOLET
31,Renault,903,MEGANE GRAND TOUR,2022,MEGANE,GRAND TOUR
31,Renault,903,MEGANE GRAND TOUR,2021,MEGANE,GRAND TOUR
31,Renault,903,MEGANE GRAND TOUR,2020,MEGANE,GRAND TOUR
31,Renault,903,MEGANE GRAND TOUR,2019,MEGANE,GRAND TOUR
31,Renault,903,MEGANE GRAND TOUR,2018,MEGANE,GRAND TOUR
31,Renault,903,MEGANE GRAND TOUR,2017,MEGANE,GRAND TOUR
31,Renault,903,MEGANE GRAND TOUR,2016,MEGANE,GRAND TOUR
31,Renault,903,MEGANE GRAND TOUR,2015,MEGANE,GRAND TOUR
31,Renault,903,MEGANE GRAND TOUR,2014,MEGANE,GRAND TOUR
31,Renault,903,MEGANE GRAND TOUR,2013,MEGANE,GRAND TOUR
31,Renault,903,MEGANE GRAND TOUR,2012,MEGANE,GRAND TOUR
31,Renault,437,MEGANE HATCH,2022,MEGANE,HATCH
31,Renault,437,MEGANE HATCH,2021,MEGANE,HATCH
31,Renault,437,MEGANE HATCH,2020,MEGANE,HATCH
31,Renault,437,MEGANE HATCH,2019,MEGANE,HATCH
31,Renault,437,MEGANE HATCH,2018,MEGANE,HATCH
31,Renault,437,MEGANE HATCH,2017,MEGANE,HATCH
31,Renault,437,MEGANE HATCH,2016,MEGANE,HATCH
31,Renault,437,MEGANE HATCH,2015,MEGANE,HATCH
31,Renault,437,MEGANE HATCH,2014,MEGANE,HATCH
31,Renault,437,MEGANE HATCH,2013,MEGANE,HATCH
31,Renault,437,MEGANE HATCH,2012,MEGANE,HATCH
31,Renault,439,MEGANE SEDAN,2022,MEGANE,SEDAN
31,Renault,439,MEGANE SEDAN,2021,MEGANE,SEDAN
31,Renault,439,MEGANE SEDAN,2020,MEGANE,SEDAN
31,Renault,439,MEGANE SEDAN,2019,MEGANE,SEDAN
31,Renault,439,MEGANE SEDAN,2018,MEGANE,SEDAN
31,Renault,439,MEGANE SEDAN,2017,MEGANE,SEDAN
31,Renault,439,MEGANE SEDAN,2016,MEGANE,SEDAN
31,Renault,439,MEGANE SEDAN,2015,MEGANE,SEDAN
31,Renault,439,MEGANE SEDAN,2014,MEGANE,SEDAN
31,Renault,439,MEGANE SEDAN,2013,MEGANE,SEDAN
31,Renault,439,MEGANE SEDAN,2012,MEGANE,SEDAN
31,Renault,919,SANDERO,2022,SANDERO,
31,Renault,919,SANDERO,2021,SANDERO,
31,Renault,919,SANDERO,2020,SANDERO,
31,Renault,919,SANDERO,2019,SANDERO,
31,Renault,919,SANDERO,2018,SANDERO,
31,Renault,919,SANDERO,2017,SANDERO,
31,Renault,919,SANDERO,2016,SANDERO,
31,Renault,919,SANDERO,2015,SANDERO,
31,Renault,919,SANDERO,2014,SANDERO,
31,Renault,919,SANDERO,2013,SANDERO,
31,Renault,919,SANDERO,2012,SANDERO,
31,Renault,2634,SANDERO STEPWAY,2022,SANDERO,STEPWAY
31,Renault,2634,SANDERO STEPWAY,2021,SANDERO,STEPWAY
31,Renault,2634,SANDERO STEPWAY,2020,SANDERO,STEPWAY
31,Renault,2634,SANDERO STEPWAY,2019,SANDERO,STEPWAY
31,Renault,2634,SANDERO STEPWAY,2018,SANDERO,STEPWAY
31,Renault,2634,SANDERO STEPWAY,2017,SANDERO,STEPWAY
31,Renault,2634,SANDERO STEPWAY,2016,SANDERO,STEPWAY
31,Renault,2634,SANDERO STEPWAY,2015,SANDERO,STEPWAY
31,Renault,2634,SANDERO STEPWAY,2014,SANDERO,STEPWAY
31,Renault,2634,SANDERO STEPWAY,2013,SANDERO,STEPWAY
31,Renault,2634,SANDERO STEPWAY,2012,SANDERO,STEPWAY
31,Renault,438,SCENIC,2022,SCENIC,
31,Renault,438,SCENIC,2021,SCENIC,
31,Renault,438,SCENIC,2020,SCENIC,
31,Renault,438,SCENIC,2019,SCENIC,
31,Renault,438,SCENIC,2018,SCENIC,
31,Renault,438,SCENIC,2017,SCENIC,
31,Renault,438,SCENIC,2016,SCENIC,
31,Renault,438,SCENIC,2015,SCENIC,
31,Renault,438,SCENIC,2014,SCENIC,
31,Renault,438,SCENIC,2013,SCENIC,
31,Renault,438,SCENIC,2012,SCENIC,
41,SsangYong,929,ACTYON,2018,ACTYON,
41,SsangYong,929,ACTYON,2015,ACTYON,
41,SsangYong,929,ACTYON,2012,ACTYON,
41,SsangYong,929,ACTYON,2011,ACTYON,
41,SsangYong,929,ACTYON,2003,ACTYON,
41,SsangYong,929,ACTYON,2001,ACTYON,
41,SsangYong,930,ACTYON SPORTS,2018,ACTYON,SPORTS
41,SsangYong,930,ACTYON SPORTS,2015,ACTYON,SPORTS
41,SsangYong,930,ACTYON SPORTS,2012,ACTYON,SPORTS
41,SsangYong,930,ACTYON SPORTS,2011,ACTYON,SPORTS
41,SsangYong,930,ACTYON SPORTS,2003,ACTYON,SPORTS
41,SsangYong,930,ACTYON SPORTS,2001,ACTYON,SPORTS
41,SsangYong,2765,XLV,2018,XLV,
41,SsangYong,2765,XLV,2015,XLV,
41,SsangYong,2765,XLV,2012,XLV,
41,SsangYong,2765,XLV,2011,XLV,
41,SsangYong,2765,XLV,2003,XLV,
41,SsangYong,2765,XLV,2001,XLV,
33,Subaru,944,TRIBECA,2018,TRIBECA,
33,Subaru,944,TRIBECA,2017,TRIBECA,
33,Subaru,944,TRIBECA,2016,TRIBECA,
33,Subaru,944,TRIBECA,2015,TRIBECA,
33,Subaru,944,TRIBECA,2014,TRIBECA,
33,Subaru,944,TRIBECA,2012,TRIBECA,
33,Subaru,944,TRIBECA,2011,TRIBECA,
33,Subaru,944,TRIBECA,2010,TRIBECA,
33,Subaru,944,TRIBECA,2009,TRIBECA,
33,Subaru,944,TRIBECA,2008,TRIBECA,
33,Subaru,944,TRIBECA,2007,TRIBECA,
33,Subaru,944,TRIBECA,2006,TRIBECA,
33,Subaru,944,TRIBECA,2005,TRIBECA,
33,Subaru,944,TRIBECA,2004,TRIBECA,
33,Subaru,944,TRIBECA,2003,TRIBECA,
33,Subaru,944,TRIBECA,2002,TRIBECA,
33,Subaru,944,TRIBECA,2001,TRIBECA,
33,Subaru,944,TRIBECA,2000,TRIBECA,
33,Subaru,944,TRIBECA,1999,TRIBECA,
33,Subaru,944,TRIBECA,1998,TRIBECA,
33,Subaru,944,TRIBECA,1997,TRIBECA,
34,Suzuki,756,SUPER CARRY,2022,SUPER,CARRY
34,Suzuki,756,SUPER CARRY,2021,SUPER,CARRY
34,Suzuki,756,SUPER CARRY,2020,SUPER,CARRY
34,Suzuki,756,SUPER CARRY,2019,SUPER,CARRY
34,Suzuki,756,SUPER CARRY,2018,SUPER,CARRY
34,Suzuki,756,SUPER CARRY,2017,SUPER,CARRY
34,Suzuki,756,SUPER CARRY,2016,SUPER,CARRY
34,Suzuki,756,SUPER CARRY,2015,SUPER,CARRY
34,Suzuki,756,SUPER CARRY,2014,SUPER,CARRY
34,Suzuki,756,SUPER CARRY,2013,SUPER,CARRY
34,Suzuki,756,SUPER CARRY,2012,SUPER,CARRY
34,Suzuki,756,SUPER CARRY,2011,SUPER,CARRY
34,Suzuki,756,SUPER CARRY,2010,SUPER,CARRY
34,Suzuki,756,SUPER CARRY,2009,SUPER,CARRY
34,Suzuki,756,SUPER CARRY,2003,SUPER,CARRY
34,Suzuki,756,SUPER CARRY,2002,SUPER,CARRY
34,Suzuki,756,SUPER CARRY,2001,SUPER,CARRY
34,Suzuki,756,SUPER CARRY,2000,SUPER,CARRY
34,Suzuki,756,SUPER CARRY,1999,SUPER,CARRY
34,Suzuki,756,SUPER CARRY,1998,SUPER,CARRY
35,Toyota,468,COROLLA,2022,COROLLA,
35,Toyota,468,COROLLA,2021,COROLLA,
35,Toyota,468,COROLLA,2020,COROLLA,
35,Toyota,468,COROLLA,2019,COROLLA,
35,Toyota,468,COROLLA,2018,COROLLA,
35,Toyota,468,COROLLA,2017,COROLLA,
35,Toyota,468,COROLLA,2016,COROLLA,
35,Toyota,468,COROLLA,2015,COROLLA,
35,Toyota,468,COROLLA,2014,COROLLA,
35,Toyota,468,COROLLA,2013,COROLLA,
35,Toyota,468,COROLLA,2012,COROLLA,
35,Toyota,468,COROLLA,2011,COROLLA,
35,Toyota,468,COROLLA,2010,COROLLA,
35,Toyota,468,COROLLA,2009,COROLLA,
35,Toyota,468,COROLLA,2008,COROLLA,
35,Toyota,468,COROLLA,2007,COROLLA,
35,Toyota,468,COROLLA,2006,COROLLA,
35,Toyota,468,COROLLA,2005,COROLLA,
35,Toyota,468,COROLLA,2004,COROLLA,
35,Toyota,468,COROLLA,2003,COROLLA,
35,Toyota,468,COROLLA,2002,COROLLA,
35,Toyota,468,COROLLA,2001,COROLLA,
35,Toyota,468,COROLLA,2000,COROLLA,
35,Toyota,468,COROLLA,1999,COROLLA,
35,Toyota,468,COROLLA,1998,COROLLA,
35,Toyota,468,COROLLA,1997,COROLLA,
35,Toyota,468,COROLLA,1996,COROLLA,
35,Toyota,468,COROLLA,1995,COROLLA,
35,Toyota,468,COROLLA,1994,COROLLA,
35,Toyota,468,COROLLA,1993,COROLLA,
35,Toyota,468,COROLLA,1992,COROLLA,
35,Toyota,2823,COROLLA CROSS,2022,COROLLA,CROSS
35,Toyota,2823,COROLLA CROSS,2021,COROLLA,CROSS
35,Toyota,2823,COROLLA CROSS,2020,COROLLA,CROSS
35,Toyota,2823,COROLLA CROSS,2019,COROLLA,CROSS
35,Toyota,2823,COROLLA CROSS,2018,COROLLA,CROSS
35,Toyota,2823,COROLLA CROSS,2017,COROLLA,CROSS
35,Toyota,2823,COROLLA CROSS,2016,COROLLA,CROSS
35,Toyota,2823,COROLLA CROSS,2015,COROLLA,CROSS
35,Toyota,2823,COROLLA CROSS,2014,COROLLA,CROSS
35,Toyota,2823,COROLLA CROSS,2013,COROLLA,CROSS
35,Toyota,2823,COROLLA CROSS,2012,COROLLA,CROSS
35,Toyota,2823,COROLLA CROSS,2011,COROLLA,CROSS
35,Toyota,2823,COROLLA CROSS,2010,COROLLA,CROSS
35,Toyota,2823,COROLLA CROSS,2009,COROLLA,CROSS
35,Toyota,2823,COROLLA CROSS,2008,COROLLA,CROSS
35,Toyota,2823,COROLLA CROSS,2007,COROLLA,CROSS
35,Toyota,2823,COROLLA CROSS,2006,COROLLA,CROSS
35,Toyota,2823,COROLLA CROSS,2005,COROLLA,CROSS
35,Toyota,2823,COROLLA CROSS,2004,COROLLA,CROSS
35,Toyota,2823,COROLLA CROSS,2003,COROLLA,CROSS
35,Toyota,2823,COROLLA CROSS,2002,COROLLA,CROSS
35,Toyota,2823,COROLLA CROSS,2001,COROLLA,CROSS
35,Toyota,2823,COROLLA CROSS,2000,COROLLA,CROSS
35,Toyota,2823,COROLLA CROSS,1999,COROLLA,CROSS
35,Toyota,2823,COROLLA CROSS,1998,COROLLA,CROSS
35,Toyota,2823,COROLLA CROSS,1997,COROLLA,CROSS
35,Toyota,2823,COROLLA CROSS,1996,COROLLA,CROSS
35,Toyota,2823,COROLLA CROSS,1995,COROLLA,CROSS
35,Toyota,2823,COROLLA CROSS,1994,COROLLA,CROSS
35,Toyota,2823,COROLLA CROSS,1993,COROLLA,CROSS
35,Toyota,2823,COROLLA CROSS,1992,COROLLA,CROSS
35,Toyota,904,COROLLA FIELDER,2022,COROLLA,FIELDER
35,Toyota,904,COROLLA FIELDER,2021,COROLLA,FIELDER
35,Toyota,904,COROLLA FIELDER,2020,COROLLA,FIELDER
35,Toyota,904,COROLLA FIELDER,2019,COROLLA,FIELDER
35,Toyota,904,COROLLA FIELDER,2018,COROLLA,FIELDER
35,Toyota,904,COROLLA FIELDER,2017,COROLLA,FIELDER
35,Toyota,904,COROLLA FIELDER,2016,COROLLA,FIELDER
35,Toyota,904,COROLLA FIELDER,2015,COROLLA,FIELDER
35,Toyota,904,COROLLA FIELDER,2014,COROLLA,FIELDER
35,Toyota,904,COROLLA FIELDER,2013,COROLLA,FIELDER
35,Toyota,904,COROLLA FIELDER,2012,COROLLA,FIELDER
35,Toyota,904,COROLLA FIELDER,2011,COROLLA,FIELDER
35,Toyota,904,COROLLA FIELDER,2010,COROLLA,FIELDER
35,Toyota,904,COROLLA FIELDER,2009,COROLLA,FIELDER
35,Toyota,904,COROLLA FIELDER,2008,COROLLA,FIELDER
35,Toyota,904,COROLLA FIELDER,2007,COROLLA,FIELDER
35,Toyota,904,COROLLA FIELDER,2006,COROLLA,FIELDER
35,Toyota,904,COROLLA FIELDER,2005,COROLLA,FIELDER
35,Toyota,904,COROLLA FIELDER,2004,COROLLA,FIELDER
35,Toyota,904,COROLLA FIELDER,2003,COROLLA,FIELDER
35,Toyota,904,COROLLA FIELDER,2002,COROLLA,FIELDER
35,Toyota,904,COROLLA FIELDER,2001,COROLLA,FIELDER
35,Toyota,904,COROLLA FIELDER,2000,COROLLA,FIELDER
35,Toyota,904,COROLLA FIELDER,1999,COROLLA,FIELDER
35,Toyota,904,COROLLA FIELDER,1998,COROLLA,FIELDER
35,Toyota,904,COROLLA FIELDER,1997,COROLLA,FIELDER
35,Toyota,904,COROLLA FIELDER,1996,COROLLA,FIELDER
35,Toyota,904,COROLLA FIELDER,1995,COROLLA,FIELDER
35,Toyota,904,COROLLA FIELDER,1994,COROLLA,FIELDER
35,Toyota,904,COROLLA FIELDER,1993,COROLLA,FIELDER
35,Toyota,904,COROLLA FIELDER,1992,COROLLA,FIELDER
35,Toyota,469,COROLLA WAGON,2022,COROLLA,WAGON
35,Toyota,469,COROLLA WAGON,2021,COROLLA,WAGON
35,Toyota,469,COROLLA WAGON,2020,COROLLA,WAGON
35,Toyota,469,COROLLA WAGON,2019,COROLLA,WAGON
35,Toyota,469,COROLLA WAGON,2018,COROLLA,WAGON
35,Toyota,469,COROLLA WAGON,2017,COROLLA,WAGON
35,Toyota,469,COROLLA WAGON,2016,COROLLA,WAGON
35,Toyota,469,COROLLA WAGON,2015,COROLLA,WAGON
35,Toyota,469,COROLLA WAGON,2014,COROLLA,WAGON
35,Toyota,469,COROLLA WAGON,2013,COROLLA,WAGON
35,Toyota,469,COROLLA WAGON,2012,COROLLA,WAGON
35,Toyota,469,COROLLA WAGON,2011,COROLLA,WAGON
35,Toyota,469,COROLLA WAGON,2010,COROLLA,WAGON
35,Toyota,469,COROLLA WAGON,2009,COROLLA,WAGON
35,Toyota,469,COROLLA WAGON,2008,COROLLA,WAGON
35,Toyota,469,COROLLA WAGON,2007,COROLLA,WAGON
35,Toyota,469,COROLLA WAGON,2006,COROLLA,WAGON
35,Toyota,469,COROLLA WAGON,2005,COROLLA,WAGON
35,Toyota,469,COROLLA WAGON,2004,COROLLA,WAGON
35,Toyota,469,COROLLA WAGON,2003,COROLLA,WAGON
35,Toyota,469,COROLLA WAGON,2002,COROLLA,WAGON
35,Toyota,469,COROLLA WAGON,2001,COROLLA,WAGON
35,Toyota,469,COROLLA WAGON,2000,COROLLA,WAGON
35,Toyota,469,COROLLA WAGON,1999,COROLLA,WAGON
35,Toyota,469,COROLLA WAGON,1998,COROLLA,WAGON
35,Toyota,469,COROLLA WAGON,1997,COROLLA,WAGON
35,Toyota,469,COROLLA WAGON,1996,COROLLA,WAGON
35,Toyota,469,COROLLA WAGON,1995,COROLLA,WAGON
35,Toyota,469,COROLLA WAGON,1994,COROLLA,WAGON
35,Toyota,469,COROLLA WAGON,1993,COROLLA,WAGON
35,Toyota,469,COROLLA WAGON,1992,COROLLA,WAGON
35,Toyota,2417,ETIOS HATCH,2022,ETIOS,HATCH
35,Toyota,2417,ETIOS HATCH,2021,ETIOS,HATCH
35,Toyota,2417,ETIOS HATCH,2020,ETIOS,HATCH
35,Toyota,2417,ETIOS HATCH,2019,ETIOS,HATCH
35,Toyota,2417,ETIOS HATCH,2018,ETIOS,HATCH
35,Toyota,2417,ETIOS HATCH,2017,ETIOS,HATCH
35,Toyota,2417,ETIOS HATCH,2016,ETIOS,HATCH
35,Toyota,2417,ETIOS HATCH,2015,ETIOS,HATCH
35,Toyota,2417,ETIOS HATCH,2014,ETIOS,HATCH
35,Toyota,2417,ETIOS HATCH,2013,ETIOS,HATCH
35,Toyota,2417,ETIOS HATCH,2012,ETIOS,HATCH
35,Toyota,2417,ETIOS HATCH,2011,ETIOS,HATCH
35,Toyota,2417,ETIOS HATCH,2010,ETIOS,HATCH
35,Toyota,2417,ETIOS HATCH,2009,ETIOS,HATCH
35,Toyota,2417,ETIOS HATCH,2008,ETIOS,HATCH
35,Toyota,2417,ETIOS HATCH,2007,ETIOS,HATCH
35,Toyota,2417,ETIOS HATCH,2006,ETIOS,HATCH
35,Toyota,2417,ETIOS HATCH,2005,ETIOS,HATCH
35,Toyota,2417,ETIOS HATCH,2004,ETIOS,HATCH
35,Toyota,2417,ETIOS HATCH,2003,ETIOS,HATCH
35,Toyota,2417,ETIOS HATCH,2002,ETIOS,HATCH
35,Toyota,2417,ETIOS HATCH,2001,ETIOS,HATCH
35,Toyota,2417,ETIOS HATCH,2000,ETIOS,HATCH
35,Toyota,2417,ETIOS HATCH,1999,ETIOS,HATCH
35,Toyota,2417,ETIOS HATCH,1998,ETIOS,HATCH
35,Toyota,2417,ETIOS HATCH,1997,ETIOS,HATCH
35,Toyota,2417,ETIOS HATCH,1996,ETIOS,HATCH
35,Toyota,2417,ETIOS HATCH,1995,ETIOS,HATCH
35,Toyota,2417,ETIOS HATCH,1994,ETIOS,HATCH
35,Toyota,2417,ETIOS HATCH,1993,ETIOS,HATCH
35,Toyota,2417,ETIOS HATCH,1992,ETIOS,HATCH
35,Toyota,2418,ETIOS SEDAN,2022,ETIOS,SEDAN
35,Toyota,2418,ETIOS SEDAN,2021,ETIOS,SEDAN
35,Toyota,2418,ETIOS SEDAN,2020,ETIOS,SEDAN
35,Toyota,2418,ETIOS SEDAN,2019,ETIOS,SEDAN
35,Toyota,2418,ETIOS SEDAN,2018,ETIOS,SEDAN
35,Toyota,2418,ETIOS SEDAN,2017,ETIOS,SEDAN
35,Toyota,2418,ETIOS SEDAN,2016,ETIOS,SEDAN
35,Toyota,2418,ETIOS SEDAN,2015,ETIOS,SEDAN
35,Toyota,2418,ETIOS SEDAN,2014,ETIOS,SEDAN
35,Toyota,2418,ETIOS SEDAN,2013,ETIOS,SEDAN
35,Toyota,2418,ETIOS SEDAN,2012,ETIOS,SEDAN
35,Toyota,2418,ETIOS SEDAN,2011,ETIOS,SEDAN
35,Toyota,2418,ETIOS SEDAN,2010,ETIOS,SEDAN
35,Toyota,2418,ETIOS SEDAN,2009,ETIOS,SEDAN
35,Toyota,2418,ETIOS SEDAN,2008,ETIOS,SEDAN
35,Toyota,2418,ETIOS SEDAN,2007,ETIOS,SEDAN
35,Toyota,2418,ETIOS SEDAN,2006,ETIOS,SEDAN
35,Toyota,2418,ETIOS SEDAN,2005,ETIOS,SEDAN
35,Toyota,2418,ETIOS SEDAN,2004,ETIOS,SEDAN
35,Toyota,2418,ETIOS SEDAN,2003,ETIOS,SEDAN
35,Toyota,2418,ETIOS SEDAN,2002,ETIOS,SEDAN
35,Toyota,2418,ETIOS SEDAN,2001,ETIOS,SEDAN
35,Toyota,2418,ETIOS SEDAN,2000,ETIOS,SEDAN
35,Toyota,2418,ETIOS SEDAN,1999,ETIOS,SEDAN
35,Toyota,2418,ETIOS SEDAN,1998,ETIOS,SEDAN
35,Toyota,2418,ETIOS SEDAN,1997,ETIOS,SEDAN
35,Toyota,2418,ETIOS SEDAN,1996,ETIOS,SEDAN
35,Toyota,2418,ETIOS SEDAN,1995,ETIOS,SEDAN
35,Toyota,2418,ETIOS SEDAN,1994,ETIOS,SEDAN
35,Toyota,2418,ETIOS SEDAN,1993,ETIOS,SEDAN
35,Toyota,2418,ETIOS SEDAN,1992,ETIOS,SEDAN
35,Toyota,2758,YARIS HATCH,2022,YARIS,HATCH
35,Toyota,2758,YARIS HATCH,2021,YARIS,HATCH
35,Toyota,2758,YARIS HATCH,2020,YARIS,HATCH
35,Toyota,2758,YARIS HATCH,2019,YARIS,HATCH
35,Toyota,2758,YARIS HATCH,2018,YARIS,HATCH
35,Toyota,2758,YARIS HATCH,2017,YARIS,HATCH
35,Toyota,2758,YARIS HATCH,2016,YARIS,HATCH
35,Toyota,2758,YARIS HATCH,2015,YARIS,HATCH
35,Toyota,2758,YARIS HATCH,2014,YARIS,HATCH
35,Toyota,2758,YARIS HATCH,2013,YARIS,HATCH
35,Toyota,2758,YARIS HATCH,2012,YARIS,HATCH
35,Toyota,2758,YARIS HATCH,2011,YARIS,HATCH
35,Toyota,2758,YARIS HATCH,2010,YARIS,HATCH
35,Toyota,2758,YARIS HATCH,2009,YARIS,HATCH
35,Toyota,2758,YARIS HATCH,2008,YARIS,HATCH
35,Toyota,2758,YARIS HATCH,2007,YARIS,HATCH
35,Toyota,2758,YARIS HATCH,2006,YARIS,HATCH
35,Toyota,2758,YARIS HATCH,2005,YARIS,HATCH
35,Toyota,2758,YARIS HATCH,2004,YARIS,HATCH
35,Toyota,2758,YARIS HATCH,2003,YARIS,HATCH
35,Toyota,2758,YARIS HATCH,2002,YARIS,HATCH
35,Toyota,2758,YARIS HATCH,2001,YARIS,HATCH
35,Toyota,2758,YARIS HATCH,2000,YARIS,HATCH
35,Toyota,2758,YARIS HATCH,1999,YARIS,HATCH
35,Toyota,2758,YARIS HATCH,1998,YARIS,HATCH
35,Toyota,2758,YARIS HATCH,1997,YARIS,HATCH
35,Toyota,2758,YARIS HATCH,1996,YARIS,HATCH
35,Toyota,2758,YARIS HATCH,1995,YARIS,HATCH
35,Toyota,2758,YARIS HATCH,1994,YARIS,HATCH
35,Toyota,2758,YARIS HATCH,1993,YARIS,HATCH
35,Toyota,2758,YARIS HATCH,1992,YARIS,HATCH
35,Toyota,2759,YARIS SEDAN,2022,YARIS,SEDAN
35,Toyota,2759,YARIS SEDAN,2021,YARIS,SEDAN
35,Toyota,2759,YARIS SEDAN,2020,YARIS,SEDAN
35,Toyota,2759,YARIS SEDAN,2019,YARIS,SEDAN
35,Toyota,2759,YARIS SEDAN,2018,YARIS,SEDAN
35,Toyota,2759,YARIS SEDAN,2017,YARIS,SEDAN
35,Toyota,2759,YARIS SEDAN,2016,YARIS,SEDAN
35,Toyota,2759,YARIS SEDAN,2015,YARIS,SEDAN
35,Toyota,2759,YARIS SEDAN,2014,YARIS,SEDAN
35,Toyota,2759,YARIS SEDAN,2013,YARIS,SEDAN
35,Toyota,2759,YARIS SEDAN,2012,YARIS,SEDAN
35,Toyota,2759,YARIS SEDAN,2011,YARIS,SEDAN
35,Toyota,2759,YARIS SEDAN,2010,YARIS,SEDAN
35,Toyota,2759,YARIS SEDAN,2009,YARIS,SEDAN
35,Toyota,2759,YARIS SEDAN,2008,YARIS,SEDAN
35,Toyota,2759,YARIS SEDAN,2007,YARIS,SEDAN
35,Toyota,2759,YARIS SEDAN,2006,YARIS,SEDAN
35,Toyota,2759,YARIS SEDAN,2005,YARIS,SEDAN
35,Toyota,2759,YARIS SEDAN,2004,YARIS,SEDAN
35,Toyota,2759,YARIS SEDAN,2003,YARIS,SEDAN
35,Toyota,2759,YARIS SEDAN,2002,YARIS,SEDAN
35,Toyota,2759,YARIS SEDAN,2001,YARIS,SEDAN
35,Toyota,2759,YARIS SEDAN,2000,YARIS,SEDAN
35,Toyota,2759,YARIS SEDAN,1999,YARIS,SEDAN
35,Toyota,2759,YARIS SEDAN,1998,YARIS,SEDAN
35,Toyota,2759,YARIS SEDAN,1997,YARIS,SEDAN
35,Toyota,2759,YARIS SEDAN,1996,YARIS,SEDAN
35,Toyota,2759,YARIS SEDAN,1995,YARIS,SEDAN
35,Toyota,2759,YARIS SEDAN,1994,YARIS,SEDAN
35,Toyota,2759,YARIS SEDAN,1993,YARIS,SEDAN
35,Toyota,2759,YARIS SEDAN,1992,YARIS,SEDAN
36,Volkswagen,475,APOLLO,2022,APOLLO,
36,Volkswagen,475,APOLLO,2021,APOLLO,
36,Volkswagen,475,APOLLO,2020,APOLLO,
36,Volkswagen,475,APOLLO,2019,APOLLO,
36,Volkswagen,475,APOLLO,2018,APOLLO,
36,Volkswagen,475,APOLLO,2017,APOLLO,
36,Volkswagen,475,APOLLO,2016,APOLLO,
36,Volkswagen,475,APOLLO,2015,APOLLO,
36,Volkswagen,475,APOLLO,2014,APOLLO,
36,Volkswagen,475,APOLLO,2013,APOLLO,
36,Volkswagen,475,APOLLO,2012,APOLLO,
36,Volkswagen,475,APOLLO,2011,APOLLO,
36,Volkswagen,475,APOLLO,2010,APOLLO,
36,Volkswagen,475,APOLLO,2009,APOLLO,
36,Volkswagen,475,APOLLO,2008,APOLLO,
36,Volkswagen,475,APOLLO,2007,APOLLO,
36,Volkswagen,475,APOLLO,2006,APOLLO,
36,Volkswagen,475,APOLLO,2005,APOLLO,
36,Volkswagen,475,APOLLO,2004,APOLLO,
36,Volkswagen,475,APOLLO,2003,APOLLO,
36,Volkswagen,475,APOLLO,2002,APOLLO,
36,Volkswagen,475,APOLLO,2001,APOLLO,
36,Volkswagen,475,APOLLO,2000,APOLLO,
36,Volkswagen,475,APOLLO,1999,APOLLO,
36,Volkswagen,475,APOLLO,1998,APOLLO,
36,Volkswagen,475,APOLLO,1997,APOLLO,
36,Volkswagen,475,APOLLO,1996,APOLLO,
36,Volkswagen,475,APOLLO,1995,APOLLO,
36,Volkswagen,475,APOLLO,1994,APOLLO,
36,Volkswagen,475,APOLLO,1993,APOLLO,
36,Volkswagen,475,APOLLO,1992,APOLLO,
36,Volkswagen,475,APOLLO,1991,APOLLO,
36,Volkswagen,475,APOLLO,1990,APOLLO,
36,Volkswagen,475,APOLLO,1989,APOLLO,
36,Volkswagen,475,APOLLO,1988,APOLLO,
36,Volkswagen,475,APOLLO,1987,APOLLO,
36,Volkswagen,475,APOLLO,1986,APOLLO,
36,Volkswagen,475,APOLLO,1985,APOLLO,
36,Volkswagen,475,APOLLO,1984,APOLLO,
36,Volkswagen,475,APOLLO,1983,APOLLO,
36,Volkswagen,475,APOLLO,1982,APOLLO,
36,Volkswagen,475,APOLLO,1981,APOLLO,
36,Volkswagen,793,BRASÍLIA,2022,BRASÍLIA,
36,Volkswagen,793,BRASÍLIA,2021,BRASÍLIA,
36,Volkswagen,793,BRASÍLIA,2020,BRASÍLIA,
36,Volkswagen,793,BRASÍLIA,2019,BRASÍLIA,
36,Volkswagen,793,BRASÍLIA,2018,BRASÍLIA,
36,Volkswagen,793,BRASÍLIA,2017,BRASÍLIA,
36,Volkswagen,793,BRASÍLIA,2016,BRASÍLIA,
36,Volkswagen,793,BRASÍLIA,2015,BRASÍLIA,
36,Volkswagen,793,BRASÍLIA,2014,BRASÍLIA,
36,Volkswagen,793,BRASÍLIA,2013,BRASÍLIA,
36,Volkswagen,793,BRASÍLIA,2012,BRASÍLIA,
36,Volkswagen,793,BRASÍLIA,2011,BRASÍLIA,
36,Volkswagen,793,BRASÍLIA,2010,BRASÍLIA,
36,Volkswagen,793,BRASÍLIA,2009,BRASÍLIA,
36,Volkswagen,793,BRASÍLIA,2008,BRASÍLIA,
36,Volkswagen,793,BRASÍLIA,2007,BRASÍLIA,
36,Volkswagen,793,BRASÍLIA,2006,BRASÍLIA,
36,Volkswagen,793,BRASÍLIA,2005,BRASÍLIA,
36,Volkswagen,793,BRASÍLIA,2004,BRASÍLIA,
36,Volkswagen,793,BRASÍLIA,2003,BRASÍLIA,
36,Volkswagen,793,BRASÍLIA,2002,BRASÍLIA,
36,Volkswagen,793,BRASÍLIA,2001,BRASÍLIA,
36,Volkswagen,793,BRASÍLIA,2000,BRASÍLIA,
36,Volkswagen,793,BRASÍLIA,1999,BRASÍLIA,
36,Volkswagen,793,BRASÍLIA,1998,BRASÍLIA,
36,Volkswagen,793,BRASÍLIA,1997,BRASÍLIA,
36,Volkswagen,793,BRASÍLIA,1996,BRASÍLIA,
36,Volkswagen,793,BRASÍLIA,1995,BRASÍLIA,
36,Volkswagen,793,BRASÍLIA,1994,BRASÍLIA,
36,Volkswagen,793,BRASÍLIA,1993,BRASÍLIA,
36,Volkswagen,793,BRASÍLIA,1992,BRASÍLIA,
36,Volkswagen,793,BRASÍLIA,1991,BRASÍLIA,
36,Volkswagen,793,BRASÍLIA,1990,BRASÍLIA,
36,Volkswagen,793,BRASÍLIA,1989,BRASÍLIA,
36,Volkswagen,793,BRASÍLIA,1988,BRASÍLIA,
36,Volkswagen,793,BRASÍLIA,1987,BRASÍLIA,
36,Volkswagen,793,BRASÍLIA,1986,BRASÍLIA,
36,Volkswagen,793,BRASÍLIA,1985,BRASÍLIA,
36,Volkswagen,793,BRASÍLIA,1984,BRASÍLIA,
36,Volkswagen,793,BRASÍLIA,1983,BRASÍLIA,
36,Volkswagen,793,BRASÍLIA,1982,BRASÍLIA,
36,Volkswagen,793,BRASÍLIA,1981,BRASÍLIA,
36,Volkswagen,829,CROSSFOX,2022,CROSSFOX,
36,Volkswagen,829,CROSSFOX,2021,CROSSFOX,
36,Volkswagen,829,CROSSFOX,2020,CROSSFOX,
36,Volkswagen,829,CROSSFOX,2019,CROSSFOX,
36,Volkswagen,829,CROSSFOX,2018,CROSSFOX,
36,Volkswagen,829,CROSSFOX,2017,CROSSFOX,
36,Volkswagen,829,CROSSFOX,2016,CROSSFOX,
36,Volkswagen,829,CROSSFOX,2015,CROSSFOX,
36,Volkswagen,829,CROSSFOX,2014,CROSSFOX,
36,Volkswagen,829,CROSSFOX,2013,CROSSFOX,
36,Volkswagen,829,CROSSFOX,2012,CROSSFOX,
36,Volkswagen,829,CROSSFOX,2011,CROSSFOX,
36,Volkswagen,829,CROSSFOX,2010,CROSSFOX,
36,Volkswagen,829,CROSSFOX,2009,CROSSFOX,
36,Volkswagen,829,CROSSFOX,2008,CROSSFOX,
36,Volkswagen,829,CROSSFOX,2007,CROSSFOX,
36,Volkswagen,829,CROSSFOX,2006,CROSSFOX,
36,Volkswagen,829,CROSSFOX,2005,CROSSFOX,
36,Volkswagen,829,CROSSFOX,2004,CROSSFOX,
36,Volkswagen,829,CROSSFOX,2003,CROSSFOX,
36,Volkswagen,829,CROSSFOX,2002,CROSSFOX,
36,Volkswagen,829,CROSSFOX,2001,CROSSFOX,
36,Volkswagen,829,CROSSFOX,2000,CROSSFOX,
36,Volkswagen,829,CROSSFOX,1999,CROSSFOX,
36,Volkswagen,829,CROSSFOX,1998,CROSSFOX,
36,Volkswagen,829,CROSSFOX,1997,CROSSFOX,
36,Volkswagen,829,CROSSFOX,1996,CROSSFOX,
36,Volkswagen,829,CROSSFOX,1995,CROSSFOX,
36,Volkswagen,829,CROSSFOX,1994,CROSSFOX,
36,Volkswagen,829,CROSSFOX,1993,CROSSFOX,
36,Volkswagen,829,CROSSFOX,1992,CROSSFOX,
36,Volkswagen,829,CROSSFOX,1991,CROSSFOX,
36,Volkswagen,829,CROSSFOX,1990,CROSSFOX,
36,Volkswagen,829,CROSSFOX,1989,CROSSFOX,
36,Volkswagen,829,CROSSFOX,1988,CROSSFOX,
36,Volkswagen,829,CROSSFOX,1987,CROSSFOX,
36,Volkswagen,829,CROSSFOX,1986,CROSSFOX,
36,Volkswagen,829,CROSSFOX,1985,CROSSFOX,
36,Volkswagen,829,CROSSFOX,1984,CROSSFOX,
36,Volkswagen,829,CROSSFOX,1983,CROSSFOX,
36,Volkswagen,829,CROSSFOX,1982,CROSSFOX,
36,Volkswagen,829,CROSSFOX,1981,CROSSFOX,
36,Volkswagen,478,FOX,2022,FOX,
36,Volkswagen,478,FOX,2021,FOX,
36,Volkswagen,478,FOX,2020,FOX,
36,Volkswagen,478,FOX,2019,FOX,
36,Volkswagen,478,FOX,2018,FOX,
36,Volkswagen,478,FOX,2017,FOX,
36,Volkswagen,478,FOX,2016,FOX,
36,Volkswagen,478,FOX,2015,FOX,
36,Volkswagen,478,FOX,2014,FOX,
36,Volkswagen,478,FOX,2013,FOX,
36,Volkswagen,478,FOX,2012,FOX,
36,Volkswagen,478,FOX,2011,FOX,
36,Volkswagen,478,FOX,2010,FOX,
36,Volkswagen,478,FOX,2009,FOX,
36,Volkswagen,478,FOX,2008,FOX,
36,Volkswagen,478,FOX,2007,FOX,
36,Volkswagen,478,FOX,2006,FOX,
36,Volkswagen,478,FOX,2005,FOX,
36,Volkswagen,478,FOX,2004,FOX,
36,Volkswagen,478,FOX,2003,FOX,
36,Volkswagen,478,FOX,2002,FOX,
36,Volkswagen,478,FOX,2001,FOX,
36,Volkswagen,478,FOX,2000,FOX,
36,Volkswagen,478,FOX,1999,FOX,
36,Volkswagen,478,FOX,1998,FOX,
36,Volkswagen,478,FOX,1997,FOX,
36,Volkswagen,478,FOX,1996,FOX,
36,Volkswagen,478,FOX,1995,FOX,
36,Volkswagen,478,FOX,1994,FOX,
36,Volkswagen,478,FOX,1993,FOX,
36,Volkswagen,478,FOX,1992,FOX,
36,Volkswagen,478,FOX,1991,FOX,
36,Volkswagen,478,FOX,1990,FOX,
36,Volkswagen,478,FOX,1989,FOX,
36,Volkswagen,478,FOX,1988,FOX,
36,Volkswagen,478,FOX,1987,FOX,
36,Volkswagen,478,FOX,1986,FOX,
36,Volkswagen,478,FOX,1985,FOX,
36,Volkswagen,478,FOX,1984,FOX,
36,Volkswagen,478,FOX,1983,FOX,
36,Volkswagen,478,FOX,1982,FOX,
36,Volkswagen,478,FOX,1981,FOX,
36,Volkswagen,479,FUSCA,2022,FUSCA,
36,Volkswagen,479,FUSCA,2021,FUSCA,
36,Volkswagen,479,FUSCA,2020,FUSCA,
36,Volkswagen,479,FUSCA,2019,FUSCA,
36,Volkswagen,479,FUSCA,2018,FUSCA,
36,Volkswagen,479,FUSCA,2017,FUSCA,
36,Volkswagen,479,FUSCA,2016,FUSCA,
36,Volkswagen,479,FUSCA,2015,FUSCA,
36,Volkswagen,479,FUSCA,2014,FUSCA,
36,Volkswagen,479,FUSCA,2013,FUSCA,
36,Volkswagen,479,FUSCA,2012,FUSCA,
36,Volkswagen,479,FUSCA,2011,FUSCA,
36,Volkswagen,479,FUSCA,2010,FUSCA,
36,Volkswagen,479,FUSCA,2009,FUSCA,
36,Volkswagen,479,FUSCA,2008,FUSCA,
36,Volkswagen,479,FUSCA,2007,FUSCA,
36,Volkswagen,479,FUSCA,2006,FUSCA,
36,Volkswagen,479,FUSCA,2005,FUSCA,
36,Volkswagen,479,FUSCA,2004,FUSCA,
36,Volkswagen,479,FUSCA,2003,FUSCA,
36,Volkswagen,479,FUSCA,2002,FUSCA,
36,Volkswagen,479,FUSCA,2001,FUSCA,
36,Volkswagen,479,FUSCA,2000,FUSCA,
36,Volkswagen,479,FUSCA,1999,FUSCA,
36,Volkswagen,479,FUSCA,1998,FUSCA,
36,Volkswagen,479,FUSCA,1997,FUSCA,
36,Volkswagen,479,FUSCA,1996,FUSCA,
36,Volkswagen,479,FUSCA,1995,FUSCA,
36,Volkswagen,479,FUSCA,1994,FUSCA,
36,Volkswagen,479,FUSCA,1993,FUSCA,
36,Volkswagen,479,FUSCA,1992,FUSCA,
36,Volkswagen,479,FUSCA,1991,FUSCA,
36,Volkswagen,479,FUSCA,1990,FUSCA,
36,Volkswagen,479,FUSCA,1989,FUSCA,
36,Volkswagen,479,FUSCA,1988,FUSCA,
36,Volkswagen,479,FUSCA,1987,FUSCA,
36,Volkswagen,479,FUSCA,1986,FUSCA,
36,Volkswagen,479,FUSCA,1985,FUSCA,
36,Volkswagen,479,FUSCA,1984,FUSCA,
36,Volkswagen,479,FUSCA,1983,FUSCA,
36,Volkswagen,479,FUSCA,1982,FUSCA,
36,Volkswagen,479,FUSCA,1981,FUSCA,
36,Volkswagen,775,GOL FURGAO,2022,GOL,FURGAO
36,Volkswagen,775,GOL FURGAO,2021,GOL,FURGAO
36,Volkswagen,775,GOL FURGAO,2020,GOL,FURGAO
36,Volkswagen,775,GOL FURGAO,2019,GOL,FURGAO
36,Volkswagen,775,GOL FURGAO,2018,GOL,FURGAO
36,Volkswagen,775,GOL FURGAO,2017,GOL,FURGAO
36,Volkswagen,775,GOL FURGAO,2016,GOL,FURGAO
36,Volkswagen,775,GOL FURGAO,2015,GOL,FURGAO
36,Volkswagen,775,GOL FURGAO,2014,GOL,FURGAO
36,Volkswagen,775,GOL FURGAO,2013,GOL,FURGAO
36,Volkswagen,775,GOL FURGAO,2012,GOL,FURGAO
36,Volkswagen,775,GOL FURGAO,2011,GOL,FURGAO
36,Volkswagen,775,GOL FURGAO,2010,GOL,FURGAO
36,Volkswagen,775,GOL FURGAO,2009,GOL,FURGAO
36,Volkswagen,775,GOL FURGAO,2008,GOL,FURGAO
36,Volkswagen,775,GOL FURGAO,2007,GOL,FURGAO
36,Volkswagen,775,GOL FURGAO,2006,GOL,FURGAO
36,Volkswagen,775,GOL FURGAO,2005,GOL,FURGAO
36,Volkswagen,775,GOL FURGAO,2004,GOL,FURGAO
36,Volkswagen,775,GOL FURGAO,2003,GOL,FURGAO
36,Volkswagen,775,GOL FURGAO,2002,GOL,FURGAO
36,Volkswagen,775,GOL FURGAO,2001,GOL,FURGAO
36,Volkswagen,775,GOL FURGAO,2000,GOL,FURGAO
36,Volkswagen,775,GOL FURGAO,1999,GOL,FURGAO
36,Volkswagen,775,GOL FURGAO,1998,GOL,FURGAO
36,Volkswagen,775,GOL FURGAO,1997,GOL,FURGAO
36,Volkswagen,775,GOL FURGAO,1996,GOL,FURGAO
36,Volkswagen,775,GOL FURGAO,1995,GOL,FURGAO
36,Volkswagen,775,GOL FURGAO,1994,GOL,FURGAO
36,Volkswagen,775,GOL FURGAO,1993,GOL,FURGAO
36,Volkswagen,775,GOL FURGAO,1992,GOL,FURGAO
36,Volkswagen,775,GOL FURGAO,1991,GOL,FURGAO
36,Volkswagen,775,GOL FURGAO,1990,GOL,FURGAO
36,Volkswagen,775,GOL FURGAO,1989,GOL,FURGAO
36,Volkswagen,775,GOL FURGAO,1988,GOL,FURGAO
36,Volkswagen,775,GOL FURGAO,1987,GOL,FURGAO
36,Volkswagen,775,GOL FURGAO,1986,GOL,FURGAO
36,Volkswagen,775,GOL FURGAO,1985,GOL,FURGAO
36,Volkswagen,775,GOL FURGAO,1984,GOL,FURGAO
36,Volkswagen,775,GOL FURGAO,1983,GOL,FURGAO
36,Volkswagen,775,GOL FURGAO,1982,GOL,FURGAO
36,Volkswagen,775,GOL FURGAO,1981,GOL,FURGAO
36,Volkswagen,481,GOLF,2022,GOLF,
36,Volkswagen,481,GOLF,2021,GOLF,
36,Volkswagen,481,GOLF,2020,GOLF,
36,Volkswagen,481,GOLF,2019,GOLF,
36,Volkswagen,481,GOLF,2018,GOLF,
36,Volkswagen,481,GOLF,2017,GOLF,
36,Volkswagen,481,GOLF,2016,GOLF,
36,Volkswagen,481,GOLF,2015,GOLF,
36,Volkswagen,481,GOLF,2014,GOLF,
36,Volkswagen,481,GOLF,2013,GOLF,
36,Volkswagen,481,GOLF,2012,GOLF,
36,Volkswagen,481,GOLF,2011,GOLF,
36,Volkswagen,481,GOLF,2010,GOLF,
36,Volkswagen,481,GOLF,2009,GOLF,
36,Volkswagen,481,GOLF,2008,GOLF,
36,Volkswagen,481,GOLF,2007,GOLF,
36,Volkswagen,481,GOLF,2006,GOLF,
36,Volkswagen,481,GOLF,2005,GOLF,
36,Volkswagen,481,GOLF,2004,GOLF,
36,Volkswagen,481,GOLF,2003,GOLF,
36,Volkswagen,481,GOLF,2002,GOLF,
36,Volkswagen,481,GOLF,2001,GOLF,
36,Volkswagen,481,GOLF,2000,GOLF,
36,Volkswagen,481,GOLF,1999,GOLF,
36,Volkswagen,481,GOLF,1998,GOLF,
36,Volkswagen,481,GOLF,1997,GOLF,
36,Volkswagen,481,GOLF,1996,GOLF,
36,Volkswagen,481,GOLF,1995,GOLF,
36,Volkswagen,481,GOLF,1994,GOLF,
36,Volkswagen,481,GOLF,1993,GOLF,
36,Volkswagen,481,GOLF,1992,GOLF,
36,Volkswagen,481,GOLF,1991,GOLF,
36,Volkswagen,481,GOLF,1990,GOLF,
36,Volkswagen,481,GOLF,1989,GOLF,
36,Volkswagen,481,GOLF,1988,GOLF,
36,Volkswagen,481,GOLF,1987,GOLF,
36,Volkswagen,481,GOLF,1986,GOLF,
36,Volkswagen,481,GOLF,1985,GOLF,
36,Volkswagen,481,GOLF,1984,GOLF,
36,Volkswagen,481,GOLF,1983,GOLF,
36,Volkswagen,481,GOLF,1982,GOLF,
36,Volkswagen,481,GOLF,1981,GOLF,
36,Volkswagen,482,GOLF CABRIO,2022,GOLF,CABRIO
36,Volkswagen,482,GOLF CABRIO,2021,GOLF,CABRIO
36,Volkswagen,482,GOLF CABRIO,2020,GOLF,CABRIO
36,Volkswagen,482,GOLF CABRIO,2019,GOLF,CABRIO
36,Volkswagen,482,GOLF CABRIO,2018,GOLF,CABRIO
36,Volkswagen,482,GOLF CABRIO,2017,GOLF,CABRIO
36,Volkswagen,482,GOLF CABRIO,2016,GOLF,CABRIO
36,Volkswagen,482,GOLF CABRIO,2015,GOLF,CABRIO
36,Volkswagen,482,GOLF CABRIO,2014,GOLF,CABRIO
36,Volkswagen,482,GOLF CABRIO,2013,GOLF,CABRIO
36,Volkswagen,482,GOLF CABRIO,2012,GOLF,CABRIO
36,Volkswagen,482,GOLF CABRIO,2011,GOLF,CABRIO
36,Volkswagen,482,GOLF CABRIO,2010,GOLF,CABRIO
36,Volkswagen,482,GOLF CABRIO,2009,GOLF,CABRIO
36,Volkswagen,482,GOLF CABRIO,2008,GOLF,CABRIO
36,Volkswagen,482,GOLF CABRIO,2007,GOLF,CABRIO
36,Volkswagen,482,GOLF CABRIO,2006,GOLF,CABRIO
36,Volkswagen,482,GOLF CABRIO,2005,GOLF,CABRIO
36,Volkswagen,482,GOLF CABRIO,2004,GOLF,CABRIO
36,Volkswagen,482,GOLF CABRIO,2003,GOLF,CABRIO
36,Volkswagen,482,GOLF CABRIO,2002,GOLF,CABRIO
36,Volkswagen,482,GOLF CABRIO,2001,GOLF,CABRIO
36,Volkswagen,482,GOLF CABRIO,2000,GOLF,CABRIO
36,Volkswagen,482,GOLF CABRIO,1999,GOLF,CABRIO
36,Volkswagen,482,GOLF CABRIO,1998,GOLF,CABRIO
36,Volkswagen,482,GOLF CABRIO,1997,GOLF,CABRIO
36,Volkswagen,482,GOLF CABRIO,1996,GOLF,CABRIO
36,Volkswagen,482,GOLF CABRIO,1995,GOLF,CABRIO
36,Volkswagen,482,GOLF CABRIO,1994,GOLF,CABRIO
36,Volkswagen,482,GOLF CABRIO,1993,GOLF,CABRIO
36,Volkswagen,482,GOLF CABRIO,1992,GOLF,CABRIO
36,Volkswagen,482,GOLF CABRIO,1991,GOLF,CABRIO
36,Volkswagen,482,GOLF CABRIO,1990,GOLF,CABRIO
36,Volkswagen,482,GOLF CABRIO,1989,GOLF,CABRIO
36,Volkswagen,482,GOLF CABRIO,1988,GOLF,CABRIO
36,Volkswagen,482,GOLF CABRIO,1987,GOLF,CABRIO
36,Volkswagen,482,GOLF CABRIO,1986,GOLF,CABRIO
36,Volkswagen,482,GOLF CABRIO,1985,GOLF,CABRIO
36,Volkswagen,482,GOLF CABRIO,1984,GOLF,CABRIO
36,Volkswagen,482,GOLF CABRIO,1983,GOLF,CABRIO
36,Volkswagen,482,GOLF CABRIO,1982,GOLF,CABRIO
36,Volkswagen,482,GOLF CABRIO,1981,GOLF,CABRIO
36,Volkswagen,2638,GOLF VARIANT,2022,GOLF,VARIANT
36,Volkswagen,2638,GOLF VARIANT,2021,GOLF,VARIANT
36,Volkswagen,2638,GOLF VARIANT,2020,GOLF,VARIANT
36,Volkswagen,2638,GOLF VARIANT,2019,GOLF,VARIANT
36,Volkswagen,2638,GOLF VARIANT,2018,GOLF,VARIANT
36,Volkswagen,2638,GOLF VARIANT,2017,GOLF,VARIANT
36,Volkswagen,2638,GOLF VARIANT,2016,GOLF,VARIANT
36,Volkswagen,2638,GOLF VARIANT,2015,GOLF,VARIANT
36,Volkswagen,2638,GOLF VARIANT,2014,GOLF,VARIANT
36,Volkswagen,2638,GOLF VARIANT,2013,GOLF,VARIANT
36,Volkswagen,2638,GOLF VARIANT,2012,GOLF,VARIANT
36,Volkswagen,2638,GOLF VARIANT,2011,GOLF,VARIANT
36,Volkswagen,2638,GOLF VARIANT,2010,GOLF,VARIANT
36,Volkswagen,2638,GOLF VARIANT,2009,GOLF,VARIANT
36,Volkswagen,2638,GOLF VARIANT,2008,GOLF,VARIANT
36,Volkswagen,2638,GOLF VARIANT,2007,GOLF,VARIANT
36,Volkswagen,2638,GOLF VARIANT,2006,GOLF,VARIANT
36,Volkswagen,2638,GOLF VARIANT,2005,GOLF,VARIANT
36,Volkswagen,2638,GOLF VARIANT,2004,GOLF,VARIANT
36,Volkswagen,2638,GOLF VARIANT,2003,GOLF,VARIANT
36,Volkswagen,2638,GOLF VARIANT,2002,GOLF,VARIANT
36,Volkswagen,2638,GOLF VARIANT,2001,GOLF,VARIANT
36,Volkswagen,2638,GOLF VARIANT,2000,GOLF,VARIANT
36,Volkswagen,2638,GOLF VARIANT,1999,GOLF,VARIANT
36,Volkswagen,2638,GOLF VARIANT,1998,GOLF,VARIANT
36,Volkswagen,2638,GOLF VARIANT,1997,GOLF,VARIANT
36,Volkswagen,2638,GOLF VARIANT,1996,GOLF,VARIANT
36,Volkswagen,2638,GOLF VARIANT,1995,GOLF,VARIANT
36,Volkswagen,2638,GOLF VARIANT,1994,GOLF,VARIANT
36,Volkswagen,2638,GOLF VARIANT,1993,GOLF,VARIANT
36,Volkswagen,2638,GOLF VARIANT,1992,GOLF,VARIANT
36,Volkswagen,2638,GOLF VARIANT,1991,GOLF,VARIANT
36,Volkswagen,2638,GOLF VARIANT,1990,GOLF,VARIANT
36,Volkswagen,2638,GOLF VARIANT,1989,GOLF,VARIANT
36,Volkswagen,2638,GOLF VARIANT,1988,GOLF,VARIANT
36,Volkswagen,2638,GOLF VARIANT,1987,GOLF,VARIANT
36,Volkswagen,2638,GOLF VARIANT,1986,GOLF,VARIANT
36,Volkswagen,2638,GOLF VARIANT,1985,GOLF,VARIANT
36,Volkswagen,2638,GOLF VARIANT,1984,GOLF,VARIANT
36,Volkswagen,2638,GOLF VARIANT,1983,GOLF,VARIANT
36,Volkswagen,2638,GOLF VARIANT,1982,GOLF,VARIANT
36,Volkswagen,2638,GOLF VARIANT,1981,GOLF,VARIANT
36,Volkswagen,776,KOMBI,2022,KOMBI,
36,Volkswagen,776,KOMBI,2021,KOMBI,
36,Volkswagen,776,KOMBI,2020,KOMBI,
36,Volkswagen,776,KOMBI,2019,KOMBI,
36,Volkswagen,776,KOMBI,2018,KOMBI,
36,Volkswagen,776,KOMBI,2017,KOMBI,
36,Volkswagen,776,KOMBI,2016,KOMBI,
36,Volkswagen,776,KOMBI,2015,KOMBI,
36,Volkswagen,776,KOMBI,2014,KOMBI,
36,Volkswagen,776,KOMBI,2013,KOMBI,
36,Volkswagen,776,KOMBI,2012,KOMBI,
36,Volkswagen,776,KOMBI,2011,KOMBI,
36,Volkswagen,776,KOMBI,2010,KOMBI,
36,Volkswagen,776,KOMBI,2009,KOMBI,
36,Volkswagen,776,KOMBI,2008,KOMBI,
36,Volkswagen,776,KOMBI,2007,KOMBI,
36,Volkswagen,776,KOMBI,2006,KOMBI,
36,Volkswagen,776,KOMBI,2005,KOMBI,
36,Volkswagen,776,KOMBI,2004,KOMBI,
36,Volkswagen,776,KOMBI,2003,KOMBI,
36,Volkswagen,776,KOMBI,2002,KOMBI,
36,Volkswagen,776,KOMBI,2001,KOMBI,
36,Volkswagen,776,KOMBI,2000,KOMBI,
36,Volkswagen,776,KOMBI,1999,KOMBI,
36,Volkswagen,776,KOMBI,1998,KOMBI,
36,Volkswagen,776,KOMBI,1997,KOMBI,
36,Volkswagen,776,KOMBI,1996,KOMBI,
36,Volkswagen,776,KOMBI,1995,KOMBI,
36,Volkswagen,776,KOMBI,1994,KOMBI,
36,Volkswagen,776,KOMBI,1993,KOMBI,
36,Volkswagen,776,KOMBI,1992,KOMBI,
36,Volkswagen,776,KOMBI,1991,KOMBI,
36,Volkswagen,776,KOMBI,1990,KOMBI,
36,Volkswagen,776,KOMBI,1989,KOMBI,
36,Volkswagen,776,KOMBI,1988,KOMBI,
36,Volkswagen,776,KOMBI,1987,KOMBI,
36,Volkswagen,776,KOMBI,1986,KOMBI,
36,Volkswagen,776,KOMBI,1985,KOMBI,
36,Volkswagen,776,KOMBI,1984,KOMBI,
36,Volkswagen,776,KOMBI,1983,KOMBI,
36,Volkswagen,776,KOMBI,1982,KOMBI,
36,Volkswagen,776,KOMBI,1981,KOMBI,
36,Volkswagen,777,KOMBI FURGÃO,2022,KOMBI,FURGÃO
36,Volkswagen,777,KOMBI FURGÃO,2021,KOMBI,FURGÃO
36,Volkswagen,777,KOMBI FURGÃO,2020,KOMBI,FURGÃO
36,Volkswagen,777,KOMBI FURGÃO,2019,KOMBI,FURGÃO
36,Volkswagen,777,KOMBI FURGÃO,2018,KOMBI,FURGÃO
36,Volkswagen,777,KOMBI FURGÃO,2017,KOMBI,FURGÃO
36,Volkswagen,777,KOMBI FURGÃO,2016,KOMBI,FURGÃO
36,Volkswagen,777,KOMBI FURGÃO,2015,KOMBI,FURGÃO
36,Volkswagen,777,KOMBI FURGÃO,2014,KOMBI,FURGÃO
36,Volkswagen,777,KOMBI FURGÃO,2013,KOMBI,FURGÃO
36,Volkswagen,777,KOMBI FURGÃO,2012,KOMBI,FURGÃO
36,Volkswagen,777,KOMBI FURGÃO,2011,KOMBI,FURGÃO
36,Volkswagen,777,KOMBI FURGÃO,2010,KOMBI,FURGÃO
36,Volkswagen,777,KOMBI FURGÃO,2009,KOMBI,FURGÃO
36,Volkswagen,777,KOMBI FURGÃO,2008,KOMBI,FURGÃO
36,Volkswagen,777,KOMBI FURGÃO,2007,KOMBI,FURGÃO
36,Volkswagen,777,KOMBI FURGÃO,2006,KOMBI,FURGÃO
36,Volkswagen,777,KOMBI FURGÃO,2005,KOMBI,FURGÃO
36,Volkswagen,777,KOMBI FURGÃO,2004,KOMBI,FURGÃO
36,Volkswagen,777,KOMBI FURGÃO,2003,KOMBI,FURGÃO
36,Volkswagen,777,KOMBI FURGÃO,2002,KOMBI,FURGÃO
36,Volkswagen,777,KOMBI FURGÃO,2001,KOMBI,FURGÃO
36,Volkswagen,777,KOMBI FURGÃO,2000,KOMBI,FURGÃO
36,Volkswagen,777,KOMBI FURGÃO,1999,KOMBI,FURGÃO
36,Volkswagen,777,KOMBI FURGÃO,1998,KOMBI,FURGÃO
36,Volkswagen,777,KOMBI FURGÃO,1997,KOMBI,FURGÃO
36,Volkswagen,777,KOMBI FURGÃO,1996,KOMBI,FURGÃO
36,Volkswagen,777,KOMBI FURGÃO,1995,KOMBI,FURGÃO
36,Volkswagen,777,KOMBI FURGÃO,1994,KOMBI,FURGÃO
36,Volkswagen,777,KOMBI FURGÃO,1993,KOMBI,FURGÃO
36,Volkswagen,777,KOMBI FURGÃO,1992,KOMBI,FURGÃO
36,Volkswagen,777,KOMBI FURGÃO,1991,KOMBI,FURGÃO
36,Volkswagen,777,KOMBI FURGÃO,1990,KOMBI,FURGÃO
36,Volkswagen,777,KOMBI FURGÃO,1989,KOMBI,FURGÃO
36,Volkswagen,777,KOMBI FURGÃO,1988,KOMBI,FURGÃO
36,Volkswagen,777,KOMBI FURGÃO,1987,KOMBI,FURGÃO
36,Volkswagen,777,KOMBI FURGÃO,1986,KOMBI,FURGÃO
36,Volkswagen,777,KOMBI FURGÃO,1985,KOMBI,FURGÃO
36,Volkswagen,777,KOMBI FURGÃO,1984,KOMBI,FURGÃO
36,Volkswagen,777,KOMBI FURGÃO,1983,KOMBI,FURGÃO
36,Volkswagen,777,KOMBI FURGÃO,1982,KOMBI,FURGÃO
36,Volkswagen,777,KOMBI FURGÃO,1981,KOMBI,FURGÃO
36,Volkswagen,778,KOMBI PICK-UP,2022,KOMBI,PICK-UP
36,Volkswagen,778,KOMBI PICK-UP,2021,KOMBI,PICK-UP
36,Volkswagen,778,KOMBI PICK-UP,2020,KOMBI,PICK-UP
36,Volkswagen,778,KOMBI PICK-UP,2019,KOMBI,PICK-UP
36,Volkswagen,778,KOMBI PICK-UP,2018,KOMBI,PICK-UP
36,Volkswagen,778,KOMBI PICK-UP,2017,KOMBI,PICK-UP
36,Volkswagen,778,KOMBI PICK-UP,2016,KOMBI,PICK-UP
36,Volkswagen,778,KOMBI PICK-UP,2015,KOMBI,PICK-UP
36,Volkswagen,778,KOMBI PICK-UP,2014,KOMBI,PICK-UP
36,Volkswagen,778,KOMBI PICK-UP,2013,KOMBI,PICK-UP
36,Volkswagen,778,KOMBI PICK-UP,2012,KOMBI,PICK-UP
36,Volkswagen,778,KOMBI PICK-UP,2011,KOMBI,PICK-UP
36,Volkswagen,778,KOMBI PICK-UP,2010,KOMBI,PICK-UP
36,Volkswagen,778,KOMBI PICK-UP,2009,KOMBI,PICK-UP
36,Volkswagen,778,KOMBI PICK-UP,2008,KOMBI,PICK-UP
36,Volkswagen,778,KOMBI PICK-UP,2007,KOMBI,PICK-UP
36,Volkswagen,778,KOMBI PICK-UP,2006,KOMBI,PICK-UP
36,Volkswagen,778,KOMBI PICK-UP,2005,KOMBI,PICK-UP
36,Volkswagen,778,KOMBI PICK-UP,2004,KOMBI,PICK-UP
36,Volkswagen,778,KOMBI PICK-UP,2003,KOMBI,PICK-UP
36,Volkswagen,778,KOMBI PICK-UP,2002,KOMBI,PICK-UP
36,Volkswagen,778,KOMBI PICK-UP,2001,KOMBI,PICK-UP
36,Volkswagen,778,KOMBI PICK-UP,2000,KOMBI,PICK-UP
36,Volkswagen,778,KOMBI PICK-UP,1999,KOMBI,PICK-UP
36,Volkswagen,778,KOMBI PICK-UP,1998,KOMBI,PICK-UP
36,Volkswagen,778,KOMBI PICK-UP,1997,KOMBI,PICK-UP
36,Volkswagen,778,KOMBI PICK-UP,1996,KOMBI,PICK-UP
36,Volkswagen,778,KOMBI PICK-UP,1995,KOMBI,PICK-UP
36,Volkswagen,778,KOMBI PICK-UP,1994,KOMBI,PICK-UP
36,Volkswagen,778,KOMBI PICK-UP,1993,KOMBI,PICK-UP
36,Volkswagen,778,KOMBI PICK-UP,1992,KOMBI,PICK-UP
36,Volkswagen,778,KOMBI PICK-UP,1991,KOMBI,PICK-UP
36,Volkswagen,778,KOMBI PICK-UP,1990,KOMBI,PICK-UP
36,Volkswagen,778,KOMBI PICK-UP,1989,KOMBI,PICK-UP
36,Volkswagen,778,KOMBI PICK-UP,1988,KOMBI,PICK-UP
36,Volkswagen,778,KOMBI PICK-UP,1987,KOMBI,PICK-UP
36,Volkswagen,778,KOMBI PICK-UP,1986,KOMBI,PICK-UP
36,Volkswagen,778,KOMBI PICK-UP,1985,KOMBI,PICK-UP
36,Volkswagen,778,KOMBI PICK-UP,1984,KOMBI,PICK-UP
36,Volkswagen,778,KOMBI PICK-UP,1983,KOMBI,PICK-UP
36,Volkswagen,778,KOMBI PICK-UP,1982,KOMBI,PICK-UP
36,Volkswagen,778,KOMBI PICK-UP,1981,KOMBI,PICK-UP
36,Volkswagen,484,LOGUS,2022,LOGUS,
36,Volkswagen,484,LOGUS,2021,LOGUS,
36,Volkswagen,484,LOGUS,2020,LOGUS,
36,Volkswagen,484,LOGUS,2019,LOGUS,
36,Volkswagen,484,LOGUS,2018,LOGUS,
36,Volkswagen,484,LOGUS,2017,LOGUS,
36,Volkswagen,484,LOGUS,2016,LOGUS,
36,Volkswagen,484,LOGUS,2015,LOGUS,
36,Volkswagen,484,LOGUS,2014,LOGUS,
36,Volkswagen,484,LOGUS,2013,LOGUS,
36,Volkswagen,484,LOGUS,2012,LOGUS,
36,Volkswagen,484,LOGUS,2011,LOGUS,
36,Volkswagen,484,LOGUS,2010,LOGUS,
36,Volkswagen,484,LOGUS,2009,LOGUS,
36,Volkswagen,484,LOGUS,2008,LOGUS,
36,Volkswagen,484,LOGUS,2007,LOGUS,
36,Volkswagen,484,LOGUS,2006,LOGUS,
36,Volkswagen,484,LOGUS,2005,LOGUS,
36,Volkswagen,484,LOGUS,2004,LOGUS,
36,Volkswagen,484,LOGUS,2003,LOGUS,
36,Volkswagen,484,LOGUS,2002,LOGUS,
36,Volkswagen,484,LOGUS,2001,LOGUS,
36,Volkswagen,484,LOGUS,2000,LOGUS,
36,Volkswagen,484,LOGUS,1999,LOGUS,
36,Volkswagen,484,LOGUS,1998,LOGUS,
36,Volkswagen,484,LOGUS,1997,LOGUS,
36,Volkswagen,484,LOGUS,1996,LOGUS,
36,Volkswagen,484,LOGUS,1995,LOGUS,
36,Volkswagen,484,LOGUS,1994,LOGUS,
36,Volkswagen,484,LOGUS,1993,LOGUS,
36,Volkswagen,484,LOGUS,1992,LOGUS,
36,Volkswagen,484,LOGUS,1991,LOGUS,
36,Volkswagen,484,LOGUS,1990,LOGUS,
36,Volkswagen,484,LOGUS,1989,LOGUS,
36,Volkswagen,484,LOGUS,1988,LOGUS,
36,Volkswagen,484,LOGUS,1987,LOGUS,
36,Volkswagen,484,LOGUS,1986,LOGUS,
36,Volkswagen,484,LOGUS,1985,LOGUS,
36,Volkswagen,484,LOGUS,1984,LOGUS,
36,Volkswagen,484,LOGUS,1983,LOGUS,
36,Volkswagen,484,LOGUS,1982,LOGUS,
36,Volkswagen,484,LOGUS,1981,LOGUS,
36,Volkswagen,486,PARATI,2022,PARATI,
36,Volkswagen,486,PARATI,2021,PARATI,
36,Volkswagen,486,PARATI,2020,PARATI,
36,Volkswagen,486,PARATI,2019,PARATI,
36,Volkswagen,486,PARATI,2018,PARATI,
36,Volkswagen,486,PARATI,2017,PARATI,
36,Volkswagen,486,PARATI,2016,PARATI,
36,Volkswagen,486,PARATI,2015,PARATI,
36,Volkswagen,486,PARATI,2014,PARATI,
36,Volkswagen,486,PARATI,2013,PARATI,
36,Volkswagen,486,PARATI,2012,PARATI,
36,Volkswagen,486,PARATI,2011,PARATI,
36,Volkswagen,486,PARATI,2010,PARATI,
36,Volkswagen,486,PARATI,2009,PARATI,
36,Volkswagen,486,PARATI,2008,PARATI,
36,Volkswagen,486,PARATI,2007,PARATI,
36,Volkswagen,486,PARATI,2006,PARATI,
36,Volkswagen,486,PARATI,2005,PARATI,
36,Volkswagen,486,PARATI,2004,PARATI,
36,Volkswagen,486,PARATI,2003,PARATI,
36,Volkswagen,486,PARATI,2002,PARATI,
36,Volkswagen,486,PARATI,2001,PARATI,
36,Volkswagen,486,PARATI,2000,PARATI,
36,Volkswagen,486,PARATI,1999,PARATI,
36,Volkswagen,486,PARATI,1998,PARATI,
36,Volkswagen,486,PARATI,1997,PARATI,
36,Volkswagen,486,PARATI,1996,PARATI,
36,Volkswagen,486,PARATI,1995,PARATI,
36,Volkswagen,486,PARATI,1994,PARATI,
36,Volkswagen,486,PARATI,1993,PARATI,
36,Volkswagen,486,PARATI,1992,PARATI,
36,Volkswagen,486,PARATI,1991,PARATI,
36,Volkswagen,486,PARATI,1990,PARATI,
36,Volkswagen,486,PARATI,1989,PARATI,
36,Volkswagen,486,PARATI,1988,PARATI,
36,Volkswagen,486,PARATI,1987,PARATI,
36,Volkswagen,486,PARATI,1986,PARATI,
36,Volkswagen,486,PARATI,1985,PARATI,
36,Volkswagen,486,PARATI,1984,PARATI,
36,Volkswagen,486,PARATI,1983,PARATI,
36,Volkswagen,486,PARATI,1982,PARATI,
36,Volkswagen,486,PARATI,1981,PARATI,
36,Volkswagen,487,PASSAT,2022,PASSAT,
36,Volkswagen,487,PASSAT,2021,PASSAT,
36,Volkswagen,487,PASSAT,2020,PASSAT,
36,Volkswagen,487,PASSAT,2019,PASSAT,
36,Volkswagen,487,PASSAT,2018,PASSAT,
36,Volkswagen,487,PASSAT,2017,PASSAT,
36,Volkswagen,487,PASSAT,2016,PASSAT,
36,Volkswagen,487,PASSAT,2015,PASSAT,
36,Volkswagen,487,PASSAT,2014,PASSAT,
36,Volkswagen,487,PASSAT,2013,PASSAT,
36,Volkswagen,487,PASSAT,2012,PASSAT,
36,Volkswagen,487,PASSAT,2011,PASSAT,
36,Volkswagen,487,PASSAT,2010,PASSAT,
36,Volkswagen,487,PASSAT,2009,PASSAT,
36,Volkswagen,487,PASSAT,2008,PASSAT,
36,Volkswagen,487,PASSAT,2007,PASSAT,
36,Volkswagen,487,PASSAT,2006,PASSAT,
36,Volkswagen,487,PASSAT,2005,PASSAT,
36,Volkswagen,487,PASSAT,2004,PASSAT,
36,Volkswagen,487,PASSAT,2003,PASSAT,
36,Volkswagen,487,PASSAT,2002,PASSAT,
36,Volkswagen,487,PASSAT,2001,PASSAT,
36,Volkswagen,487,PASSAT,2000,PASSAT,
36,Volkswagen,487,PASSAT,1999,PASSAT,
36,Volkswagen,487,PASSAT,1998,PASSAT,
36,Volkswagen,487,PASSAT,1997,PASSAT,
36,Volkswagen,487,PASSAT,1996,PASSAT,
36,Volkswagen,487,PASSAT,1995,PASSAT,
36,Volkswagen,487,PASSAT,1994,PASSAT,
36,Volkswagen,487,PASSAT,1993,PASSAT,
36,Volkswagen,487,PASSAT,1992,PASSAT,
36,Volkswagen,487,PASSAT,1991,PASSAT,
36,Volkswagen,487,PASSAT,1990,PASSAT,
36,Volkswagen,487,PASSAT,1989,PASSAT,
36,Volkswagen,487,PASSAT,1988,PASSAT,
36,Volkswagen,487,PASSAT,1987,PASSAT,
36,Volkswagen,487,PASSAT,1986,PASSAT,
36,Volkswagen,487,PASSAT,1985,PASSAT,
36,Volkswagen,487,PASSAT,1984,PASSAT,
36,Volkswagen,487,PASSAT,1983,PASSAT,
36,Volkswagen,487,PASSAT,1982,PASSAT,
36,Volkswagen,487,PASSAT,1981,PASSAT,
36,Volkswagen,1072,PASSAT CC,2022,PASSAT,CC
36,Volkswagen,1072,PASSAT CC,2021,PASSAT,CC
36,Volkswagen,1072,PASSAT CC,2020,PASSAT,CC
36,Volkswagen,1072,PASSAT CC,2019,PASSAT,CC
36,Volkswagen,1072,PASSAT CC,2018,PASSAT,CC
36,Volkswagen,1072,PASSAT CC,2017,PASSAT,CC
36,Volkswagen,1072,PASSAT CC,2016,PASSAT,CC
36,Volkswagen,1072,PASSAT CC,2015,PASSAT,CC
36,Volkswagen,1072,PASSAT CC,2014,PASSAT,CC
36,Volkswagen,1072,PASSAT CC,2013,PASSAT,CC
36,Volkswagen,1072,PASSAT CC,2012,PASSAT,CC
36,Volkswagen,1072,PASSAT CC,2011,PASSAT,CC
36,Volkswagen,1072,PASSAT CC,2010,PASSAT,CC
36,Volkswagen,1072,PASSAT CC,2009,PASSAT,CC
36,Volkswagen,1072,PASSAT CC,2008,PASSAT,CC
36,Volkswagen,1072,PASSAT CC,2007,PASSAT,CC
36,Volkswagen,1072,PASSAT CC,2006,PASSAT,CC
36,Volkswagen,1072,PASSAT CC,2005,PASSAT,CC
36,Volkswagen,1072,PASSAT CC,2004,PASSAT,CC
36,Volkswagen,1072,PASSAT CC,2003,PASSAT,CC
36,Volkswagen,1072,PASSAT CC,2002,PASSAT,CC
36,Volkswagen,1072,PASSAT CC,2001,PASSAT,CC
36,Volkswagen,1072,PASSAT CC,2000,PASSAT,CC
36,Volkswagen,1072,PASSAT CC,1999,PASSAT,CC
36,Volkswagen,1072,PASSAT CC,1998,PASSAT,CC
36,Volkswagen,1072,PASSAT CC,1997,PASSAT,CC
36,Volkswagen,1072,PASSAT CC,1996,PASSAT,CC
36,Volkswagen,1072,PASSAT CC,1995,PASSAT,CC
36,Volkswagen,1072,PASSAT CC,1994,PASSAT,CC
36,Volkswagen,1072,PASSAT CC,1993,PASSAT,CC
36,Volkswagen,1072,PASSAT CC,1992,PASSAT,CC
36,Volkswagen,1072,PASSAT CC,1991,PASSAT,CC
36,Volkswagen,1072,PASSAT CC,1990,PASSAT,CC
36,Volkswagen,1072,PASSAT CC,1989,PASSAT,CC
36,Volkswagen,1072,PASSAT CC,1988,PASSAT,CC
36,Volkswagen,1072,PASSAT CC,1987,PASSAT,CC
36,Volkswagen,1072,PASSAT CC,1986,PASSAT,CC
36,Volkswagen,1072,PASSAT CC,1985,PASSAT,CC
36,Volkswagen,1072,PASSAT CC,1984,PASSAT,CC
36,Volkswagen,1072,PASSAT CC,1983,PASSAT,CC
36,Volkswagen,1072,PASSAT CC,1982,PASSAT,CC
36,Volkswagen,1072,PASSAT CC,1981,PASSAT,CC
36,Volkswagen,488,PASSAT VARIANT,2022,PASSAT,VARIANT
36,Volkswagen,488,PASSAT VARIANT,2021,PASSAT,VARIANT
36,Volkswagen,488,PASSAT VARIANT,2020,PASSAT,VARIANT
36,Volkswagen,488,PASSAT VARIANT,2019,PASSAT,VARIANT
36,Volkswagen,488,PASSAT VARIANT,2018,PASSAT,VARIANT
36,Volkswagen,488,PASSAT VARIANT,2017,PASSAT,VARIANT
36,Volkswagen,488,PASSAT VARIANT,2016,PASSAT,VARIANT
36,Volkswagen,488,PASSAT VARIANT,2015,PASSAT,VARIANT
36,Volkswagen,488,PASSAT VARIANT,2014,PASSAT,VARIANT
36,Volkswagen,488,PASSAT VARIANT,2013,PASSAT,VARIANT
36,Volkswagen,488,PASSAT VARIANT,2012,PASSAT,VARIANT
36,Volkswagen,488,PASSAT VARIANT,2011,PASSAT,VARIANT
36,Volkswagen,488,PASSAT VARIANT,2010,PASSAT,VARIANT
36,Volkswagen,488,PASSAT VARIANT,2009,PASSAT,VARIANT
36,Volkswagen,488,PASSAT VARIANT,2008,PASSAT,VARIANT
36,Volkswagen,488,PASSAT VARIANT,2007,PASSAT,VARIANT
36,Volkswagen,488,PASSAT VARIANT,2006,PASSAT,VARIANT
36,Volkswagen,488,PASSAT VARIANT,2005,PASSAT,VARIANT
36,Volkswagen,488,PASSAT VARIANT,2004,PASSAT,VARIANT
36,Volkswagen,488,PASSAT VARIANT,2003,PASSAT,VARIANT
36,Volkswagen,488,PASSAT VARIANT,2002,PASSAT,VARIANT
36,Volkswagen,488,PASSAT VARIANT,2001,PASSAT,VARIANT
36,Volkswagen,488,PASSAT VARIANT,2000,PASSAT,VARIANT
36,Volkswagen,488,PASSAT VARIANT,1999,PASSAT,VARIANT
36,Volkswagen,488,PASSAT VARIANT,1998,PASSAT,VARIANT
36,Volkswagen,488,PASSAT VARIANT,1997,PASSAT,VARIANT
36,Volkswagen,488,PASSAT VARIANT,1996,PASSAT,VARIANT
36,Volkswagen,488,PASSAT VARIANT,1995,PASSAT,VARIANT
36,Volkswagen,488,PASSAT VARIANT,1994,PASSAT,VARIANT
36,Volkswagen,488,PASSAT VARIANT,1993,PASSAT,VARIANT
36,Volkswagen,488,PASSAT VARIANT,1992,PASSAT,VARIANT
36,Volkswagen,488,PASSAT VARIANT,1991,PASSAT,VARIANT
36,Volkswagen,488,PASSAT VARIANT,1990,PASSAT,VARIANT
36,Volkswagen,488,PASSAT VARIANT,1989,PASSAT,VARIANT
36,Volkswagen,488,PASSAT VARIANT,1988,PASSAT,VARIANT
36,Volkswagen,488,PASSAT VARIANT,1987,PASSAT,VARIANT
36,Volkswagen,488,PASSAT VARIANT,1986,PASSAT,VARIANT
36,Volkswagen,488,PASSAT VARIANT,1985,PASSAT,VARIANT
36,Volkswagen,488,PASSAT VARIANT,1984,PASSAT,VARIANT
36,Volkswagen,488,PASSAT VARIANT,1983,PASSAT,VARIANT
36,Volkswagen,488,PASSAT VARIANT,1982,PASSAT,VARIANT
36,Volkswagen,488,PASSAT VARIANT,1981,PASSAT,VARIANT
36,Volkswagen,491,POLO,2022,POLO,
36,Volkswagen,491,POLO,2021,POLO,
36,Volkswagen,491,POLO,2020,POLO,
36,Volkswagen,491,POLO,2019,POLO,
36,Volkswagen,491,POLO,2018,POLO,
36,Volkswagen,491,POLO,2017,POLO,
36,Volkswagen,491,POLO,2016,POLO,
36,Volkswagen,491,POLO,2015,POLO,
36,Volkswagen,491,POLO,2014,POLO,
36,Volkswagen,491,POLO,2013,POLO,
36,Volkswagen,491,POLO,2012,POLO,
36,Volkswagen,491,POLO,2011,POLO,
36,Volkswagen,491,POLO,2010,POLO,
36,Volkswagen,491,POLO,2009,POLO,
36,Volkswagen,491,POLO,2008,POLO,
36,Volkswagen,491,POLO,2007,POLO,
36,Volkswagen,491,POLO,2006,POLO,
36,Volkswagen,491,POLO,2005,POLO,
36,Volkswagen,491,POLO,2004,POLO,
36,Volkswagen,491,POLO,2003,POLO,
36,Volkswagen,491,POLO,2002,POLO,
36,Volkswagen,491,POLO,2001,POLO,
36,Volkswagen,491,POLO,2000,POLO,
36,Volkswagen,491,POLO,1999,POLO,
36,Volkswagen,491,POLO,1998,POLO,
36,Volkswagen,491,POLO,1997,POLO,
36,Volkswagen,491,POLO,1996,POLO,
36,Volkswagen,491,POLO,1995,POLO,
36,Volkswagen,491,POLO,1994,POLO,
36,Volkswagen,491,POLO,1993,POLO,
36,Volkswagen,491,POLO,1992,POLO,
36,Volkswagen,491,POLO,1991,POLO,
36,Volkswagen,491,POLO,1990,POLO,
36,Volkswagen,491,POLO,1989,POLO,
36,Volkswagen,491,POLO,1988,POLO,
36,Volkswagen,491,POLO,1987,POLO,
36,Volkswagen,491,POLO,1986,POLO,
36,Volkswagen,491,POLO,1985,POLO,
36,Volkswagen,491,POLO,1984,POLO,
36,Volkswagen,491,POLO,1983,POLO,
36,Volkswagen,491,POLO,1982,POLO,
36,Volkswagen,491,POLO,1981,POLO,
36,Volkswagen,490,POLO CLASSIC,2022,POLO,CLASSIC
36,Volkswagen,490,POLO CLASSIC,2021,POLO,CLASSIC
36,Volkswagen,490,POLO CLASSIC,2020,POLO,CLASSIC
36,Volkswagen,490,POLO CLASSIC,2019,POLO,CLASSIC
36,Volkswagen,490,POLO CLASSIC,2018,POLO,CLASSIC
36,Volkswagen,490,POLO CLASSIC,2017,POLO,CLASSIC
36,Volkswagen,490,POLO CLASSIC,2016,POLO,CLASSIC
36,Volkswagen,490,POLO CLASSIC,2015,POLO,CLASSIC
36,Volkswagen,490,POLO CLASSIC,2014,POLO,CLASSIC
36,Volkswagen,490,POLO CLASSIC,2013,POLO,CLASSIC
36,Volkswagen,490,POLO CLASSIC,2012,POLO,CLASSIC
36,Volkswagen,490,POLO CLASSIC,2011,POLO,CLASSIC
36,Volkswagen,490,POLO CLASSIC,2010,POLO,CLASSIC
36,Volkswagen,490,POLO CLASSIC,2009,POLO,CLASSIC
36,Volkswagen,490,POLO CLASSIC,2008,POLO,CLASSIC
36,Volkswagen,490,POLO CLASSIC,2007,POLO,CLASSIC
36,Volkswagen,490,POLO CLASSIC,2006,POLO,CLASSIC
36,Volkswagen,490,POLO CLASSIC,2005,POLO,CLASSIC
36,Volkswagen,490,POLO CLASSIC,2004,POLO,CLASSIC
36,Volkswagen,490,POLO CLASSIC,2003,POLO,CLASSIC
36,Volkswagen,490,POLO CLASSIC,2002,POLO,CLASSIC
36,Volkswagen,490,POLO CLASSIC,2001,POLO,CLASSIC
36,Volkswagen,490,POLO CLASSIC,2000,POLO,CLASSIC
36,Volkswagen,490,POLO CLASSIC,1999,POLO,CLASSIC
36,Volkswagen,490,POLO CLASSIC,1998,POLO,CLASSIC
36,Volkswagen,490,POLO CLASSIC,1997,POLO,CLASSIC
36,Volkswagen,490,POLO CLASSIC,1996,POLO,CLASSIC
36,Volkswagen,490,POLO CLASSIC,1995,POLO,CLASSIC
36,Volkswagen,490,POLO CLASSIC,1994,POLO,CLASSIC
36,Volkswagen,490,POLO CLASSIC,1993,POLO,CLASSIC
36,Volkswagen,490,POLO CLASSIC,1992,POLO,CLASSIC
36,Volkswagen,490,POLO CLASSIC,1991,POLO,CLASSIC
36,Volkswagen,490,POLO CLASSIC,1990,POLO,CLASSIC
36,Volkswagen,490,POLO CLASSIC,1989,POLO,CLASSIC
36,Volkswagen,490,POLO CLASSIC,1988,POLO,CLASSIC
36,Volkswagen,490,POLO CLASSIC,1987,POLO,CLASSIC
36,Volkswagen,490,POLO CLASSIC,1986,POLO,CLASSIC
36,Volkswagen,490,POLO CLASSIC,1985,POLO,CLASSIC
36,Volkswagen,490,POLO CLASSIC,1984,POLO,CLASSIC
36,Volkswagen,490,POLO CLASSIC,1983,POLO,CLASSIC
36,Volkswagen,490,POLO CLASSIC,1982,POLO,CLASSIC
36,Volkswagen,490,POLO CLASSIC,1981,POLO,CLASSIC
36,Volkswagen,492,POLO SEDAN,2022,POLO,SEDAN
36,Volkswagen,492,POLO SEDAN,2021,POLO,SEDAN
36,Volkswagen,492,POLO SEDAN,2020,POLO,SEDAN
36,Volkswagen,492,POLO SEDAN,2019,POLO,SEDAN
36,Volkswagen,492,POLO SEDAN,2018,POLO,SEDAN
36,Volkswagen,492,POLO SEDAN,2017,POLO,SEDAN
36,Volkswagen,492,POLO SEDAN,2016,POLO,SEDAN
36,Volkswagen,492,POLO SEDAN,2015,POLO,SEDAN
36,Volkswagen,492,POLO SEDAN,2014,POLO,SEDAN
36,Volkswagen,492,POLO SEDAN,2013,POLO,SEDAN
36,Volkswagen,492,POLO SEDAN,2012,POLO,SEDAN
36,Volkswagen,492,POLO SEDAN,2011,POLO,SEDAN
36,Volkswagen,492,POLO SEDAN,2010,POLO,SEDAN
36,Volkswagen,492,POLO SEDAN,2009,POLO,SEDAN
36,Volkswagen,492,POLO SEDAN,2008,POLO,SEDAN
36,Volkswagen,492,POLO SEDAN,2007,POLO,SEDAN
36,Volkswagen,492,POLO SEDAN,2006,POLO,SEDAN
36,Volkswagen,492,POLO SEDAN,2005,POLO,SEDAN
36,Volkswagen,492,POLO SEDAN,2004,POLO,SEDAN
36,Volkswagen,492,POLO SEDAN,2003,POLO,SEDAN
36,Volkswagen,492,POLO SEDAN,2002,POLO,SEDAN
36,Volkswagen,492,POLO SEDAN,2001,POLO,SEDAN
36,Volkswagen,492,POLO SEDAN,2000,POLO,SEDAN
36,Volkswagen,492,POLO SEDAN,1999,POLO,SEDAN
36,Volkswagen,492,POLO SEDAN,1998,POLO,SEDAN
36,Volkswagen,492,POLO SEDAN,1997,POLO,SEDAN
36,Volkswagen,492,POLO SEDAN,1996,POLO,SEDAN
36,Volkswagen,492,POLO SEDAN,1995,POLO,SEDAN
36,Volkswagen,492,POLO SEDAN,1994,POLO,SEDAN
36,Volkswagen,492,POLO SEDAN,1993,POLO,SEDAN
36,Volkswagen,492,POLO SEDAN,1992,POLO,SEDAN
36,Volkswagen,492,POLO SEDAN,1991,POLO,SEDAN
36,Volkswagen,492,POLO SEDAN,1990,POLO,SEDAN
36,Volkswagen,492,POLO SEDAN,1989,POLO,SEDAN
36,Volkswagen,492,POLO SEDAN,1988,POLO,SEDAN
36,Volkswagen,492,POLO SEDAN,1987,POLO,SEDAN
36,Volkswagen,492,POLO SEDAN,1986,POLO,SEDAN
36,Volkswagen,492,POLO SEDAN,1985,POLO,SEDAN
36,Volkswagen,492,POLO SEDAN,1984,POLO,SEDAN
36,Volkswagen,492,POLO SEDAN,1983,POLO,SEDAN
36,Volkswagen,492,POLO SEDAN,1982,POLO,SEDAN
36,Volkswagen,492,POLO SEDAN,1981,POLO,SEDAN
36,Volkswagen,494,QUANTUM,2022,QUANTUM,
36,Volkswagen,494,QUANTUM,2021,QUANTUM,
36,Volkswagen,494,QUANTUM,2020,QUANTUM,
36,Volkswagen,494,QUANTUM,2019,QUANTUM,
36,Volkswagen,494,QUANTUM,2018,QUANTUM,
36,Volkswagen,494,QUANTUM,2017,QUANTUM,
36,Volkswagen,494,QUANTUM,2016,QUANTUM,
36,Volkswagen,494,QUANTUM,2015,QUANTUM,
36,Volkswagen,494,QUANTUM,2014,QUANTUM,
36,Volkswagen,494,QUANTUM,2013,QUANTUM,
36,Volkswagen,494,QUANTUM,2012,QUANTUM,
36,Volkswagen,494,QUANTUM,2011,QUANTUM,
36,Volkswagen,494,QUANTUM,2010,QUANTUM,
36,Volkswagen,494,QUANTUM,2009,QUANTUM,
36,Volkswagen,494,QUANTUM,2008,QUANTUM,
36,Volkswagen,494,QUANTUM,2007,QUANTUM,
36,Volkswagen,494,QUANTUM,2006,QUANTUM,
36,Volkswagen,494,QUANTUM,2005,QUANTUM,
36,Volkswagen,494,QUANTUM,2004,QUANTUM,
36,Volkswagen,494,QUANTUM,2003,QUANTUM,
36,Volkswagen,494,QUANTUM,2002,QUANTUM,
36,Volkswagen,494,QUANTUM,2001,QUANTUM,
36,Volkswagen,494,QUANTUM,2000,QUANTUM,
36,Volkswagen,494,QUANTUM,1999,QUANTUM,
36,Volkswagen,494,QUANTUM,1998,QUANTUM,
36,Volkswagen,494,QUANTUM,1997,QUANTUM,
36,Volkswagen,494,QUANTUM,1996,QUANTUM,
36,Volkswagen,494,QUANTUM,1995,QUANTUM,
36,Volkswagen,494,QUANTUM,1994,QUANTUM,
36,Volkswagen,494,QUANTUM,1993,QUANTUM,
36,Volkswagen,494,QUANTUM,1992,QUANTUM,
36,Volkswagen,494,QUANTUM,1991,QUANTUM,
36,Volkswagen,494,QUANTUM,1990,QUANTUM,
36,Volkswagen,494,QUANTUM,1989,QUANTUM,
36,Volkswagen,494,QUANTUM,1988,QUANTUM,
36,Volkswagen,494,QUANTUM,1987,QUANTUM,
36,Volkswagen,494,QUANTUM,1986,QUANTUM,
36,Volkswagen,494,QUANTUM,1985,QUANTUM,
36,Volkswagen,494,QUANTUM,1984,QUANTUM,
36,Volkswagen,494,QUANTUM,1983,QUANTUM,
36,Volkswagen,494,QUANTUM,1982,QUANTUM,
36,Volkswagen,494,QUANTUM,1981,QUANTUM,
36,Volkswagen,779,SAVEIRO,2022,SAVEIRO,
36,Volkswagen,779,SAVEIRO,2021,SAVEIRO,
36,Volkswagen,779,SAVEIRO,2020,SAVEIRO,
36,Volkswagen,779,SAVEIRO,2019,SAVEIRO,
36,Volkswagen,779,SAVEIRO,2018,SAVEIRO,
36,Volkswagen,779,SAVEIRO,2017,SAVEIRO,
36,Volkswagen,779,SAVEIRO,2016,SAVEIRO,
36,Volkswagen,779,SAVEIRO,2015,SAVEIRO,
36,Volkswagen,779,SAVEIRO,2014,SAVEIRO,
36,Volkswagen,779,SAVEIRO,2013,SAVEIRO,
36,Volkswagen,779,SAVEIRO,2012,SAVEIRO,
36,Volkswagen,779,SAVEIRO,2011,SAVEIRO,
36,Volkswagen,779,SAVEIRO,2010,SAVEIRO,
36,Volkswagen,779,SAVEIRO,2009,SAVEIRO,
36,Volkswagen,779,SAVEIRO,2008,SAVEIRO,
36,Volkswagen,779,SAVEIRO,2007,SAVEIRO,
36,Volkswagen,779,SAVEIRO,2006,SAVEIRO,
36,Volkswagen,779,SAVEIRO,2005,SAVEIRO,
36,Volkswagen,779,SAVEIRO,2004,SAVEIRO,
36,Volkswagen,779,SAVEIRO,2003,SAVEIRO,
36,Volkswagen,779,SAVEIRO,2002,SAVEIRO,
36,Volkswagen,779,SAVEIRO,2001,SAVEIRO,
36,Volkswagen,779,SAVEIRO,2000,SAVEIRO,
36,Volkswagen,779,SAVEIRO,1999,SAVEIRO,
36,Volkswagen,779,SAVEIRO,1998,SAVEIRO,
36,Volkswagen,779,SAVEIRO,1997,SAVEIRO,
36,Volkswagen,779,SAVEIRO,1996,SAVEIRO,
36,Volkswagen,779,SAVEIRO,1995,SAVEIRO,
36,Volkswagen,779,SAVEIRO,1994,SAVEIRO,
36,Volkswagen,779,SAVEIRO,1993,SAVEIRO,
36,Volkswagen,779,SAVEIRO,1992,SAVEIRO,
36,Volkswagen,779,SAVEIRO,1991,SAVEIRO,
36,Volkswagen,779,SAVEIRO,1990,SAVEIRO,
36,Volkswagen,779,SAVEIRO,1989,SAVEIRO,
36,Volkswagen,779,SAVEIRO,1988,SAVEIRO,
36,Volkswagen,779,SAVEIRO,1987,SAVEIRO,
36,Volkswagen,779,SAVEIRO,1986,SAVEIRO,
36,Volkswagen,779,SAVEIRO,1985,SAVEIRO,
36,Volkswagen,779,SAVEIRO,1984,SAVEIRO,
36,Volkswagen,779,SAVEIRO,1983,SAVEIRO,
36,Volkswagen,779,SAVEIRO,1982,SAVEIRO,
36,Volkswagen,779,SAVEIRO,1981,SAVEIRO,
36,Volkswagen,1061,TL,2022,TL,
36,Volkswagen,1061,TL,2021,TL,
36,Volkswagen,1061,TL,2020,TL,
36,Volkswagen,1061,TL,2019,TL,
36,Volkswagen,1061,TL,2018,TL,
36,Volkswagen,1061,TL,2017,TL,
36,Volkswagen,1061,TL,2016,TL,
36,Volkswagen,1061,TL,2015,TL,
36,Volkswagen,1061,TL,2014,TL,
36,Volkswagen,1061,TL,2013,TL,
36,Volkswagen,1061,TL,2012,TL,
36,Volkswagen,1061,TL,2011,TL,
36,Volkswagen,1061,TL,2010,TL,
36,Volkswagen,1061,TL,2009,TL,
36,Volkswagen,1061,TL,2008,TL,
36,Volkswagen,1061,TL,2007,TL,
36,Volkswagen,1061,TL,2006,TL,
36,Volkswagen,1061,TL,2005,TL,
36,Volkswagen,1061,TL,2004,TL,
36,Volkswagen,1061,TL,2003,TL,
36,Volkswagen,1061,TL,2002,TL,
36,Volkswagen,1061,TL,2001,TL,
36,Volkswagen,1061,TL,2000,TL,
36,Volkswagen,1061,TL,1999,TL,
36,Volkswagen,1061,TL,1998,TL,
36,Volkswagen,1061,TL,1997,TL,
36,Volkswagen,1061,TL,1996,TL,
36,Volkswagen,1061,TL,1995,TL,
36,Volkswagen,1061,TL,1994,TL,
36,Volkswagen,1061,TL,1993,TL,
36,Volkswagen,1061,TL,1992,TL,
36,Volkswagen,1061,TL,1991,TL,
36,Volkswagen,1061,TL,1990,TL,
36,Volkswagen,1061,TL,1989,TL,
36,Volkswagen,1061,TL,1988,TL,
36,Volkswagen,1061,TL,1987,TL,
36,Volkswagen,1061,TL,1986,TL,
36,Volkswagen,1061,TL,1985,TL,
36,Volkswagen,1061,TL,1984,TL,
36,Volkswagen,1061,TL,1983,TL,
36,Volkswagen,1061,TL,1982,TL,
36,Volkswagen,1061,TL,1981,TL,
36,Volkswagen,2519,UP!,2022,UP!,
36,Volkswagen,2519,UP!,2021,UP!,
36,Volkswagen,2519,UP!,2020,UP!,
36,Volkswagen,2519,UP!,2019,UP!,
36,Volkswagen,2519,UP!,2018,UP!,
36,Volkswagen,2519,UP!,2017,UP!,
36,Volkswagen,2519,UP!,2016,UP!,
36,Volkswagen,2519,UP!,2015,UP!,
36,Volkswagen,2519,UP!,2014,UP!,
36,Volkswagen,2519,UP!,2013,UP!,
36,Volkswagen,2519,UP!,2012,UP!,
36,Volkswagen,2519,UP!,2011,UP!,
36,Volkswagen,2519,UP!,2010,UP!,
36,Volkswagen,2519,UP!,2009,UP!,
36,Volkswagen,2519,UP!,2008,UP!,
36,Volkswagen,2519,UP!,2007,UP!,
36,Volkswagen,2519,UP!,2006,UP!,
36,Volkswagen,2519,UP!,2005,UP!,
36,Volkswagen,2519,UP!,2004,UP!,
36,Volkswagen,2519,UP!,2003,UP!,
36,Volkswagen,2519,UP!,2002,UP!,
36,Volkswagen,2519,UP!,2001,UP!,
36,Volkswagen,2519,UP!,2000,UP!,
36,Volkswagen,2519,UP!,1999,UP!,
36,Volkswagen,2519,UP!,1998,UP!,
36,Volkswagen,2519,UP!,1997,UP!,
36,Volkswagen,2519,UP!,1996,UP!,
36,Volkswagen,2519,UP!,1995,UP!,
36,Volkswagen,2519,UP!,1994,UP!,
36,Volkswagen,2519,UP!,1993,UP!,
36,Volkswagen,2519,UP!,1992,UP!,
36,Volkswagen,2519,UP!,1991,UP!,
36,Volkswagen,2519,UP!,1990,UP!,
36,Volkswagen,2519,UP!,1989,UP!,
36,Volkswagen,2519,UP!,1988,UP!,
36,Volkswagen,2519,UP!,1987,UP!,
36,Volkswagen,2519,UP!,1986,UP!,
36,Volkswagen,2519,UP!,1985,UP!,
36,Volkswagen,2519,UP!,1984,UP!,
36,Volkswagen,2519,UP!,1983,UP!,
36,Volkswagen,2519,UP!,1982,UP!,
36,Volkswagen,2519,UP!,1981,UP!,
36,Volkswagen,1037,VARIANT,2022,VARIANT,
36,Volkswagen,1037,VARIANT,2021,VARIANT,
36,Volkswagen,1037,VARIANT,2020,VARIANT,
36,Volkswagen,1037,VARIANT,2019,VARIANT,
36,Volkswagen,1037,VARIANT,2018,VARIANT,
36,Volkswagen,1037,VARIANT,2017,VARIANT,
36,Volkswagen,1037,VARIANT,2016,VARIANT,
36,Volkswagen,1037,VARIANT,2015,VARIANT,
36,Volkswagen,1037,VARIANT,2014,VARIANT,
36,Volkswagen,1037,VARIANT,2013,VARIANT,
36,Volkswagen,1037,VARIANT,2012,VARIANT,
36,Volkswagen,1037,VARIANT,2011,VARIANT,
36,Volkswagen,1037,VARIANT,2010,VARIANT,
36,Volkswagen,1037,VARIANT,2009,VARIANT,
36,Volkswagen,1037,VARIANT,2008,VARIANT,
36,Volkswagen,1037,VARIANT,2007,VARIANT,
36,Volkswagen,1037,VARIANT,2006,VARIANT,
36,Volkswagen,1037,VARIANT,2005,VARIANT,
36,Volkswagen,1037,VARIANT,2004,VARIANT,
36,Volkswagen,1037,VARIANT,2003,VARIANT,
36,Volkswagen,1037,VARIANT,2002,VARIANT,
36,Volkswagen,1037,VARIANT,2001,VARIANT,
36,Volkswagen,1037,VARIANT,2000,VARIANT,
36,Volkswagen,1037,VARIANT,1999,VARIANT,
36,Volkswagen,1037,VARIANT,1998,VARIANT,
36,Volkswagen,1037,VARIANT,1997,VARIANT,
36,Volkswagen,1037,VARIANT,1996,VARIANT,
36,Volkswagen,1037,VARIANT,1995,VARIANT,
36,Volkswagen,1037,VARIANT,1994,VARIANT,
36,Volkswagen,1037,VARIANT,1993,VARIANT,
36,Volkswagen,1037,VARIANT,1992,VARIANT,
36,Volkswagen,1037,VARIANT,1991,VARIANT,
36,Volkswagen,1037,VARIANT,1990,VARIANT,
36,Volkswagen,1037,VARIANT,1989,VARIANT,
36,Volkswagen,1037,VARIANT,1988,VARIANT,
36,Volkswagen,1037,VARIANT,1987,VARIANT,
36,Volkswagen,1037,VARIANT,1986,VARIANT,
36,Volkswagen,1037,VARIANT,1985,VARIANT,
36,Volkswagen,1037,VARIANT,1984,VARIANT,
36,Volkswagen,1037,VARIANT,1983,VARIANT,
36,Volkswagen,1037,VARIANT,1982,VARIANT,
36,Volkswagen,1037,VARIANT,1981,VARIANT,
36,Volkswagen,2750,VIRTUS,2022,VIRTUS,
36,Volkswagen,2750,VIRTUS,2021,VIRTUS,
36,Volkswagen,2750,VIRTUS,2020,VIRTUS,
36,Volkswagen,2750,VIRTUS,2019,VIRTUS,
36,Volkswagen,2750,VIRTUS,2018,VIRTUS,
36,Volkswagen,2750,VIRTUS,2017,VIRTUS,
36,Volkswagen,2750,VIRTUS,2016,VIRTUS,
36,Volkswagen,2750,VIRTUS,2015,VIRTUS,
36,Volkswagen,2750,VIRTUS,2014,VIRTUS,
36,Volkswagen,2750,VIRTUS,2013,VIRTUS,
36,Volkswagen,2750,VIRTUS,2012,VIRTUS,
36,Volkswagen,2750,VIRTUS,2011,VIRTUS,
36,Volkswagen,2750,VIRTUS,2010,VIRTUS,
36,Volkswagen,2750,VIRTUS,2009,VIRTUS,
36,Volkswagen,2750,VIRTUS,2008,VIRTUS,
36,Volkswagen,2750,VIRTUS,2007,VIRTUS,
36,Volkswagen,2750,VIRTUS,2006,VIRTUS,
36,Volkswagen,2750,VIRTUS,2005,VIRTUS,
36,Volkswagen,2750,VIRTUS,2004,VIRTUS,
36,Volkswagen,2750,VIRTUS,2003,VIRTUS,
36,Volkswagen,2750,VIRTUS,2002,VIRTUS,
36,Volkswagen,2750,VIRTUS,2001,VIRTUS,
36,Volkswagen,2750,VIRTUS,2000,VIRTUS,
36,Volkswagen,2750,VIRTUS,1999,VIRTUS,
36,Volkswagen,2750,VIRTUS,1998,VIRTUS,
36,Volkswagen,2750,VIRTUS,1997,VIRTUS,
36,Volkswagen,2750,VIRTUS,1996,VIRTUS,
36,Volkswagen,2750,VIRTUS,1995,VIRTUS,
36,Volkswagen,2750,VIRTUS,1994,VIRTUS,
36,Volkswagen,2750,VIRTUS,1993,VIRTUS,
36,Volkswagen,2750,VIRTUS,1992,VIRTUS,
36,Volkswagen,2750,VIRTUS,1991,VIRTUS,
36,Volkswagen,2750,VIRTUS,1990,VIRTUS,
36,Volkswagen,2750,VIRTUS,1989,VIRTUS,
36,Volkswagen,2750,VIRTUS,1988,VIRTUS,
36,Volkswagen,2750,VIRTUS,1987,VIRTUS,
36,Volkswagen,2750,VIRTUS,1986,VIRTUS,
36,Volkswagen,2750,VIRTUS,1985,VIRTUS,
36,Volkswagen,2750,VIRTUS,1984,VIRTUS,
36,Volkswagen,2750,VIRTUS,1983,VIRTUS,
36,Volkswagen,2750,VIRTUS,1982,VIRTUS,
36,Volkswagen,2750,VIRTUS,1981,VIRTUS,
36,Volkswagen,495,VOYAGE,2022,VOYAGE,
36,Volkswagen,495,VOYAGE,2021,VOYAGE,
36,Volkswagen,495,VOYAGE,2020,VOYAGE,
36,Volkswagen,495,VOYAGE,2019,VOYAGE,
36,Volkswagen,495,VOYAGE,2018,VOYAGE,
36,Volkswagen,495,VOYAGE,2017,VOYAGE,
36,Volkswagen,495,VOYAGE,2016,VOYAGE,
36,Volkswagen,495,VOYAGE,2015,VOYAGE,
36,Volkswagen,495,VOYAGE,2014,VOYAGE,
36,Volkswagen,495,VOYAGE,2013,VOYAGE,
36,Volkswagen,495,VOYAGE,2012,VOYAGE,
36,Volkswagen,495,VOYAGE,2011,VOYAGE,
36,Volkswagen,495,VOYAGE,2010,VOYAGE,
36,Volkswagen,495,VOYAGE,2009,VOYAGE,
36,Volkswagen,495,VOYAGE,2008,VOYAGE,
36,Volkswagen,495,VOYAGE,2007,VOYAGE,
36,Volkswagen,495,VOYAGE,2006,VOYAGE,
36,Volkswagen,495,VOYAGE,2005,VOYAGE,
36,Volkswagen,495,VOYAGE,2004,VOYAGE,
36,Volkswagen,495,VOYAGE,2003,VOYAGE,
36,Volkswagen,495,VOYAGE,2002,VOYAGE,
36,Volkswagen,495,VOYAGE,2001,VOYAGE,
36,Volkswagen,495,VOYAGE,2000,VOYAGE,
36,Volkswagen,495,VOYAGE,1999,VOYAGE,
36,Volkswagen,495,VOYAGE,1998,VOYAGE,
36,Volkswagen,495,VOYAGE,1997,VOYAGE,
36,Volkswagen,495,VOYAGE,1996,VOYAGE,
36,Volkswagen,495,VOYAGE,1995,VOYAGE,
36,Volkswagen,495,VOYAGE,1994,VOYAGE,
36,Volkswagen,495,VOYAGE,1993,VOYAGE,
36,Volkswagen,495,VOYAGE,1992,VOYAGE,
36,Volkswagen,495,VOYAGE,1991,VOYAGE,
36,Volkswagen,495,VOYAGE,1990,VOYAGE,
36,Volkswagen,495,VOYAGE,1989,VOYAGE,
36,Volkswagen,495,VOYAGE,1988,VOYAGE,
36,Volkswagen,495,VOYAGE,1987,VOYAGE,
36,Volkswagen,495,VOYAGE,1986,VOYAGE,
36,Volkswagen,495,VOYAGE,1985,VOYAGE,
36,Volkswagen,495,VOYAGE,1984,VOYAGE,
36,Volkswagen,495,VOYAGE,1983,VOYAGE,
36,Volkswagen,495,VOYAGE,1982,VOYAGE,
36,Volkswagen,495,VOYAGE,1981,VOYAGE,
38,Volvo,854,V70,2021,V70,
38,Volvo,854,V70,2020,V70,
38,Volvo,854,V70,2019,V70,
38,Volvo,854,V70,2018,V70,
38,Volvo,854,V70,2017,V70,
38,Volvo,854,V70,2016,V70,
38,Volvo,854,V70,2015,V70,
38,Volvo,854,V70,2014,V70,
38,Volvo,854,V70,2013,V70,
38,Volvo,854,V70,2012,V70,
38,Volvo,854,V70,2011,V70,
38,Volvo,854,V70,2010,V70,
38,Volvo,854,V70,2009,V70,
38,Volvo,994,XC60,2021,XC60,
38,Volvo,994,XC60,2020,XC60,
38,Volvo,994,XC60,2019,XC60,
38,Volvo,994,XC60,2018,XC60,
38,Volvo,994,XC60,2017,XC60,
38,Volvo,994,XC60,2016,XC60,
38,Volvo,994,XC60,2015,XC60,
38,Volvo,994,XC60,2014,XC60,
38,Volvo,994,XC60,2013,XC60,
38,Volvo,994,XC60,2012,XC60,
38,Volvo,994,XC60,2011,XC60,
38,Volvo,994,XC60,2010,XC60,
38,Volvo,994,XC60,2009,XC60,
