Marca_Cod,Marca,Modelo_Cod,Modelo,Ano,Modelo_A,Modelo_B,Modelo_C
36,Volkswagen,480,GOL,2022,GOL,,
99,Aston Martin,1105,DBS,2016,DBS,,
99,Aston Martin,1035,VANTAGE,2016,VANTAGE,,
99,Aston Martin,2457,VIRAGE,2016,VIRAGE,,
3,Audi,12,100,2021,100,,
3,Audi,20,100 AVANT,2021,100,AVANT,
3,Audi,15,A3,2021,A3,,
3,Audi,2550,A3 CABRIOLET,2021,A3,CABRIOLET,
3,Audi,2517,A3 SEDAN,2021,A3,SEDAN,
3,Audi,24,ALLROAD AVANT,2021,ALLROAD,AVANT,
3,Audi,2801,E-TRON,2021,E-TRON,,
3,Audi,2573,RS Q3,2021,RS,Q3,
3,Audi,35,TT,2021,TT,,
3,Audi,2575,TT RS,2021,TT,RS,
3,Audi,1111,TTS,2021,TTS,,
104,Bentley,1079,CONTINENTAL FLYING SPUR,2016,CONTINENTAL,FLYING,SPUR
104,Bentley,1080,CONTINENTAL GT,2016,CONTINENTAL,GT,
104,Bentley,1081,CONTINENTAL GTC,2016,CONTINENTAL,GTC,
104,Bentley,1106,CONTINENTAL SUPERSPORTS,2016,CONTINENTAL,SUPERSPORTS,
4,BMW,2495,1M,2021,1M,,
4,BMW,802,X3,2021,X3,,
4,BMW,2617,X4,2021,X4,,
4,BMW,524,X5,2021,X5,,
4,BMW,114,Z3,2021,Z3,,
100,Caoa Chery,2338,S 18,2022,S,18,
5,Chevrolet,1055,AGILE,2011,AGILE,,
5,Chevrolet,121,ASTRA HATCH,1995,ASTRA,HATCH,
5,Chevrolet,122,ASTRA SEDAN,2022,ASTRA,SEDAN,
5,Chevrolet,123,ASTRA WAGON,2022,ASTRA,WAGON,
5,Chevrolet,559,BLAZER,2022,BLAZER,,
5,Chevrolet,539,C10,2022,C10,,
5,Chevrolet,1050,C14,2022,C14,,
5,Chevrolet,543,C20,2022,C20,,
5,Chevrolet,964,CAPTIVA,2022,CAPTIVA,,
5,Chevrolet,128,CARAVAN,2022,CARAVAN,,
5,Chevrolet,130,CELTA,2012,CELTA,,
5,Chevrolet,131,CHEVETTE HATCH,1983,CHEVETTE,HATCH,
5,Chevrolet,133,CHEVETTE SEDAN,1973,CHEVETTE,SEDAN,
5,Chevrolet,547,CHEVY 500,2022,CHEVY,500,
5,Chevrolet,877,CLASSIC,2022,CLASSIC,,
5,Chevrolet,2329,COBALT,2014,COBALT,,
5,Chevrolet,1125,COLORADO,2022,COLORADO,,
5,Chevrolet,134,CORSA HATCH,2012,CORSA,HATCH,
5,Chevrolet,548,CORSA PICK-UP,2001,CORSA,PICK-UP,
5,Chevrolet,135,CORSA SEDAN,2001,CORSA,SEDAN,
5,Chevrolet,136,CORSA WAGON,2002,CORSA,WAGON,
5,Chevrolet,2317,CRUZE,2022,CRUZE,,
5,Chevrolet,2363,CRUZE SPORT6,2022,CRUZE,SPORT6,
5,Chevrolet,553,D20,2022,D20,,
5,Chevrolet,141,IPANEMA,2022,IPANEMA,,
5,Chevrolet,2791,JOY,2022,JOY,,
5,Chevrolet,2792,JOY PLUS,2022,JOY,PLUS,
5,Chevrolet,140,KADETT,1996,KADETT,,
5,Chevrolet,139,KADETT CONVERSIVEL,1996,KADETT,CONVERSIVEL,
5,Chevrolet,132,MARAJO,2022,MARAJO,,
5,Chevrolet,143,MERIVA,2003,MERIVA,,
5,Chevrolet,558,MONTANA,2022,MONTANA,,
5,Chevrolet,920,MONTANA COMBO,2022,MONTANA,COMBO,
5,Chevrolet,145,MONZA,1984,MONZA,,
5,Chevrolet,144,MONZA HATCH,2022,MONZA,HATCH,
5,Chevrolet,146,OMEGA,2022,OMEGA,,
5,Chevrolet,2428,ONIX,2022,ONIX,,
5,Chevrolet,2794,ONIX PLUS,2022,ONIX,PLUS,
5,Chevrolet,149,OPALA,2022,OPALA,,
5,Chevrolet,148,OPALA COUPE,2022,OPALA,COUPE,
5,Chevrolet,1045,PICK UP CHEVROLET,2022,PICK,UP,CHEVROLET
5,Chevrolet,902,PRISMA,2022,PRISMA,,
5,Chevrolet,560,S10 CABINE DUPLA,2022,S10,CABINE,DUPLA
5,Chevrolet,2487,S10 CABINE SIMPLES,2022,S10,CABINE,SIMPLES
5,Chevrolet,565,SPACE VAN,2022,SPACE,VAN,
5,Chevrolet,2388,SPIN,2022,SPIN,,
5,Chevrolet,1041,SSR,2022,SSR,,
5,Chevrolet,834,SUBURBAN,2022,SUBURBAN,,
5,Chevrolet,150,TIGRA,2022,TIGRA,,
5,Chevrolet,567,TRACKER,2022,TRACKER,,
5,Chevrolet,151,VECTRA,2022,VECTRA,,
5,Chevrolet,914,VECTRA GT,2022,VECTRA,GT,
5,Chevrolet,152,ZAFIRA,2022,ZAFIRA,,
7,Citroën,1108,AIRCROSS,2021,AIRCROSS,,
7,Citroën,162,AX,2021,AX,,
7,Citroën,164,BX,2021,BX,,
7,Citroën,165,C3,2021,C3,,
7,Citroën,2295,C3 PICASSO,2021,C3,PICASSO,
7,Citroën,996,C4,2021,C4,,
7,Citroën,2762,C4 CACTUS,2021,C4,CACTUS,
7,Citroën,2496,C4 LOUNGE,2021,C4,LOUNGE,
7,Citroën,911,C4 PALLAS,2021,C4,PALLAS,
7,Citroën,991,C4 PICASSO,2021,C4,PICASSO,
7,Citroën,891,C4 VTR,2021,C4,VTR,
7,Citroën,173,XSARA,2021,XSARA,,
7,Citroën,174,XSARA BREAK,2021,XSARA,BREAK,
7,Citroën,2655,XSARA COUPE,2021,XSARA,COUPE,
7,Citroën,175,XSARA PICASSO,2021,XSARA,PICASSO,
12,Dodge,1078,DART,2018,DART,,
12,Dodge,957,JOURNEY,2018,JOURNEY,,
12,Dodge,960,NITRO,2018,NITRO,,
12,Dodge,584,RAM PICKUP,2018,RAM,PICKUP,
12,Dodge,192,STEALTH,2018,STEALTH,,
91,Effa,2322,PLUTUS,2019,PLUTUS,,
91,Effa,2810,V25,2019,V25,,
13,Ferrari,2663,ENZO,2015,ENZO,,
14,Fiat,202,147,2022,147,,
14,Fiat,588,147 FURGAO,2022,147,FURGAO,
14,Fiat,589,147 PICK-UP,2022,147,PICK-UP,
14,Fiat,1052,500,2022,500,,
14,Fiat,2723,ARGO,2022,ARGO,,
14,Fiat,2753,CRONOS,2022,CRONOS,,
14,Fiat,208,DOBLÒ,2022,DOBLÒ,,
14,Fiat,1103,DOBLÒ CARGO,2022,DOBLÒ,CARGO,
14,Fiat,591,DUCATO,2022,DUCATO,,
14,Fiat,209,DUNA,2022,DUNA,,
14,Fiat,210,ELBA,2022,ELBA,,
14,Fiat,893,FIORINO,2014,FIORINO,,
14,Fiat,935,FIORINO PICK-UP,2022,FIORINO,PICK-UP,
14,Fiat,2311,FREEMONT,2022,FREEMONT,,
14,Fiat,857,IDEA,2010,IDEA,,
14,Fiat,973,LINEA,2022,LINEA,,
14,Fiat,211,MAREA,2022,MAREA,,
14,Fiat,212,MAREA WEEKEND,2022,MAREA,WEEKEND,
14,Fiat,2679,MOBI,2022,MOBI,,
14,Fiat,214,PALIO,2017,PALIO,,
14,Fiat,215,PALIO WEEKEND,2014,PALIO,WEEKEND,
14,Fiat,217,PREMIO,2022,PREMIO,,
14,Fiat,218,PUNTO,2022,PUNTO,,
14,Fiat,219,PUNTO CABRIO,2022,PUNTO,CABRIO,
14,Fiat,220,SIENA,2022,SIENA,,
14,Fiat,221,STILO,2022,STILO,,
14,Fiat,601,STRADA,2022,STRADA,,
14,Fiat,222,TEMPRA,1995,TEMPRA,,
14,Fiat,268,TIPO,2022,TIPO,,
14,Fiat,2667,TORO,2022,TORO,,
14,Fiat,1087,UNO,2021,UNO,,
14,Fiat,603,UNO FURGÃO,1993,UNO,FURGÃO,
14,Fiat,269,UNO MILLE,1991,UNO,MILLE,
14,Fiat,604,UNO PICK-UP,1994,UNO,PICK-UP,
14,Fiat,2543,WEEKEND,2022,WEEKEND,,
15,Ford,1023,BELINA,2021,BELINA,,
15,Ford,605,CLUB WAGON,2021,CLUB,WAGON,
15,Ford,273,CORCEL,2021,CORCEL,,
15,Ford,606,COURIER,2021,COURIER,,
15,Ford,887,COURIER VAN,2021,COURIER,VAN,
15,Ford,275,CROWN VICTORIA,2021,CROWN,VICTORIA,
15,Ford,278,DEL REY,2021,DEL,REY,
15,Ford,276,DEL REY BELINA / SCALA,2021,DEL,REY,BELINA / SCALA
15,Ford,607,ECOSPORT,2021,ECOSPORT,,
15,Ford,961,EDGE,2021,EDGE,,
15,Ford,2725,ESCAPE,2021,ESCAPE,,
15,Ford,280,ESCORT,2021,ESCORT,,
15,Ford,279,ESCORT CONVERSIVEL,2021,ESCORT,CONVERSIVEL,
15,Ford,281,ESCORT SEDAN,2021,ESCORT,SEDAN,
15,Ford,282,ESCORT SW,2021,ESCORT,SW,
15,Ford,1057,EXCURSION,2021,EXCURSION,,
15,Ford,608,EXPEDITION,2021,EXPEDITION,,
15,Ford,611,F-1000,2021,F-1000,,
15,Ford,618,F-150,2021,F-150,,
15,Ford,619,F-250,2021,F-250,,
15,Ford,979,F-4000,2021,F-4000,,
15,Ford,2611,FAIRLANE,2021,FAIRLANE,,
15,Ford,283,FIESTA HATCH,2021,FIESTA,HATCH,
15,Ford,284,FIESTA SEDAN,2021,FIESTA,SEDAN,
15,Ford,285,FOCUS HATCH,2021,FOCUS,HATCH,
15,Ford,286,FOCUS SEDAN,2021,FOCUS,SEDAN,
15,Ford,1064,FORD 1929,2021,FORD,1929,
15,Ford,881,FUSION,2021,FUSION,,
15,Ford,897,GT,2021,GT,,
15,Ford,625,IBIZA,2021,IBIZA,,
15,Ford,1047,JEEP,2021,JEEP,,
15,Ford,287,KA,2021,KA,,
15,Ford,2547,KA SEDAN,2021,KA,SEDAN,
15,Ford,627,PAMPA,2021,PAMPA,,
15,Ford,628,RANGER (CABINE DUPLA),2021,RANGER,(CABINE,DUPLA)
15,Ford,2498,RANGER (CABINE SIMPLES-ESTENDIDA),2021,RANGER,(CABINE,SIMPLES-ESTENDIDA)
15,Ford,2807,TERRITORY,2021,TERRITORY,,
15,Ford,295,VERONA,2021,VERONA,,
15,Ford,224,VERSAILLES,2021,VERSAILLES,,
15,Ford,296,VERSAILLES ROYALE,2021,VERSAILLES,ROYALE,
15,Ford,225,WINDSTAR,2021,WINDSTAR,,
16,Honda,1036,CITY,2021,CITY,,
16,Honda,231,CIVIC,2021,CIVIC,,
16,Honda,229,CIVIC COUPE,2021,CIVIC,COUPE,
16,Honda,230,CIVIC HATCH,2021,CIVIC,HATCH,
16,Honda,232,CIVIC TARGA,2021,CIVIC,TARGA,
16,Honda,647,CR-V,2021,CR-V,,
16,Honda,233,FIT,2021,FIT,,
16,Honda,2627,HR-V,2021,HR-V,,
16,Honda,2720,WR-V,2021,WR-V,,
17,Hyundai,238,ATOS,2022,ATOS,,
17,Hyundai,926,AZERA,2022,AZERA,,
17,Hyundai,2714,CRETA,2022,CRETA,,
17,Hyundai,241,ELANTRA,2022,ELANTRA,,
17,Hyundai,242,ELANTRA WAGON,2022,ELANTRA,WAGON,
17,Hyundai,243,EXCEL,2022,EXCEL,,
17,Hyundai,2398,HB20,2022,HB20,,
17,Hyundai,2448,HB20S,2022,HB20S,,
17,Hyundai,2439,HB20X,2022,HB20X,,
17,Hyundai,865,HR,2022,HR,,
17,Hyundai,1018,I30,2022,I30,,
17,Hyundai,1112,I30 CW,2022,I30,CW,
17,Hyundai,1082,IX35,2022,IX35,,
17,Hyundai,656,SANTA FE,2022,SANTA,FE,
17,Hyundai,246,TRAJET,2022,TRAJET,,
17,Hyundai,826,TUCSON,2022,TUCSON,,
228,Jac,2802,IEV 1200T,2022,IEV,1200T,
228,Jac,2783,IEV 20,2022,IEV,20,
228,Jac,2804,IEV 330P,2022,IEV,330P,
228,Jac,2784,IEV 40,2022,IEV,40,
228,Jac,2803,IEV 60,2022,IEV,60,
228,Jac,2250,J3,2022,J3,,
228,Jac,2259,J3 TURIN,2022,J3,TURIN,
228,Jac,2466,T140,2022,T140,,
228,Jac,2671,T5,2022,T5,,
228,Jac,2780,T50,2022,T50,,
18,Jaguar,2657,XE,2020,XE,,
19,Jeep,2340,COMPASS,2021,COMPASS,,
19,Jeep,2628,RENEGADE,2021,RENEGADE,,
20,Kia,669,BESTA,2022,BESTA,,
20,Kia,885,CERATO,2022,CERATO,,
20,Kia,1000,MOHAVE,2022,MOHAVE,,
20,Kia,889,PICANTO,2022,PICANTO,,
20,Kia,261,SEPHIA,2022,SEPHIA,,
20,Kia,673,SORENTO,2022,SORENTO,,
20,Kia,1033,SOUL,2022,SOUL,,
20,Kia,674,SPORTAGE,2022,SPORTAGE,,
20,Kia,2769,STINGER,2022,STINGER,,
52,Lamborghini,2330,AVENTADOR,2016,AVENTADOR,,
22,Land Rover,678,DEFENDER,2021,DEFENDER,,
23,Lexus,267,GS 300,2019,GS,300,
23,Lexus,2607,GS 350,2019,GS,350,
23,Lexus,2332,IS 250,2019,IS,250,
23,Lexus,2488,IS 300,2019,IS,300,
23,Lexus,299,LS 400,2019,LS,400,
23,Lexus,301,LS 430,2019,LS,430,
23,Lexus,925,LS 460,2019,LS,460,
23,Lexus,2746,LS 500,2019,LS,500,
23,Lexus,2641,NX 200T,2019,NX,200T,
23,Lexus,2747,NX 300,2019,NX,300,
23,Lexus,302,SC 400,2019,SC,400,
23,Lexus,791,SC 430,2019,SC,430,
23,Lexus,2781,UX 250,2019,UX,250,
106,Lifan,1100,620,2019,620,,
106,Lifan,2486,X60,2019,X60,,
24,Maserati,803,4200,2016,4200,,
24,Maserati,2529,GHIBLI,2016,GHIBLI,,
26,Mercedes-Benz,692,180 D,2022,180,D,
26,Mercedes-Benz,317,190,1993,190,,
26,Mercedes-Benz,2612,250,2022,250,,
26,Mercedes-Benz,320,300,2022,300,,
26,Mercedes-Benz,1042,450,2022,450,,
26,Mercedes-Benz,321,500,2022,500,,
26,Mercedes-Benz,2659,AMG GT,2022,AMG,GT,
26,Mercedes-Benz,2733,AMG GT ROADSTER,2022,AMG,GT,ROADSTER
26,Mercedes-Benz,2815,GLB 200,2022,GLB,200,
26,Mercedes-Benz,1095,SLS AMG,2022,SLS,AMG,
26,Mercedes-Benz,699,SPRINTER,2022,SPRINTER,,
26,Mercedes-Benz,705,V 220,2022,V,220,
56,MINI,2571,CABRIO,2020,CABRIO,,
56,MINI,2490,ONE,2020,ONE,,
27,Mitsubishi,706,AIRTREK,2022,AIRTREK,,
27,Mitsubishi,2244,ASX,2022,ASX,,
27,Mitsubishi,378,COLT,2022,COLT,,
27,Mitsubishi,379,DIAMANT,2022,DIAMANT,,
27,Mitsubishi,381,EXPO LRV,2022,EXPO,LRV,
27,Mitsubishi,382,EXPO SP VAN,2022,EXPO,SP,VAN
27,Mitsubishi,707,L200,2022,L200,,
27,Mitsubishi,1109,L200 OUTDOOR,2022,L200,OUTDOOR,
27,Mitsubishi,1110,L200 TRITON,2022,L200,TRITON,
27,Mitsubishi,384,LANCER,2022,LANCER,,
27,Mitsubishi,866,LANCER EVOLUTION,2022,LANCER,EVOLUTION,
27,Mitsubishi,2325,LANCER SPORTBACK,2022,LANCER,SPORTBACK,
27,Mitsubishi,915,OUTLANDER,2022,OUTLANDER,,
27,Mitsubishi,2827,OUTLANDER SPORT,2022,OUTLANDER,SPORT,
27,Mitsubishi,712,PAJERO,2022,PAJERO,,
27,Mitsubishi,1032,PAJERO DAKAR,2022,PAJERO,DAKAR,
27,Mitsubishi,875,PAJERO FULL,2022,PAJERO,FULL,
27,Mitsubishi,876,PAJERO SPORT,2022,PAJERO,SPORT,
27,Mitsubishi,874,PAJERO TR4,2022,PAJERO,TR4,
27,Mitsubishi,718,SPACE WAGON,2022,SPACE,WAGON,
28,Nissan,805,350Z,2022,350Z,,
28,Nissan,720,AX,2022,AX,,
28,Nissan,721,FRONTIER,2022,FRONTIER,,
28,Nissan,2696,KICKS,2017,KICKS,,
28,Nissan,723,KING CAB,2022,KING,CAB,
28,Nissan,2701,LEAF,2022,LEAF,,
28,Nissan,1001,LIVINA,2022,LIVINA,,
28,Nissan,2314,MARCH,2022,MARCH,,
28,Nissan,389,MICRA,2022,MICRA,,
28,Nissan,900,MURANO,2022,MURANO,,
28,Nissan,390,NX 2000,2022,NX,2000,
28,Nissan,726,PICK UP D21,2022,PICK,UP,D21
28,Nissan,725,PICK UP D22,2022,PICK,UP,D22
28,Nissan,392,QUEST,2022,QUEST,,
28,Nissan,393,SENTRA,2022,SENTRA,,
28,Nissan,395,SX,2022,SX,,
28,Nissan,912,TIIDA,2022,TIIDA,,
28,Nissan,2377,TIIDA SEDAN,2022,TIIDA,SEDAN,
28,Nissan,2318,VERSA,2022,VERSA,,
28,Nissan,728,XTERRA,2022,XTERRA,,
40,Outras,1117,AVALON,2022,AVALON,,
40,Outras,467,CELICA,2022,CELICA,,
40,Outras,468,COROLLA,2022,COROLLA,,
40,Outras,2823,COROLLA CROSS,2022,COROLLA,CROSS,
40,Outras,904,COROLLA FIELDER,2022,COROLLA,FIELDER,
40,Outras,469,COROLLA WAGON,2022,COROLLA,WAGON,
40,Outras,2417,ETIOS HATCH,2022,ETIOS,HATCH,
40,Outras,2418,ETIOS SEDAN,2022,ETIOS,SEDAN,
40,Outras,763,HILUX CABINE DUPLA,2022,HILUX,CABINE,DUPLA
40,Outras,764,HILUX CABINE SIMPLES,2022,HILUX,CABINE,SIMPLES
40,Outras,766,LAND CRUISER PRADO,2022,LAND,CRUISER,PRADO
40,Outras,2435,PRIUS,2022,PRIUS,,
40,Outras,767,RAV4,2022,RAV4,,
40,Outras,765,SW4,2022,SW4,,
40,Outras,770,TUNDRA,2022,TUNDRA,,
40,Outras,2758,YARIS HATCH,2022,YARIS,HATCH,
40,Outras,2759,YARIS SEDAN,2022,YARIS,SEDAN,
29,Peugeot,397,106,2021,106,,
29,Peugeot,2636,2008,2021,2008,,
29,Peugeot,401,206,2021,206,,
29,Peugeot,400,206 CC,2021,206,CC,
29,Peugeot,820,206 SW,2021,206,SW,
29,Peugeot,948,207,2021,207,,
29,Peugeot,949,207 SEDAN,2021,207,SEDAN,
29,Peugeot,950,207 SW,2021,207,SW,
29,Peugeot,987,207 SW ESCAPADE,2021,207,SW,ESCAPADE
29,Peugeot,2419,208,2021,208,,
29,Peugeot,406,307,2021,307,,
29,Peugeot,840,307 CC,2021,307,CC,
29,Peugeot,886,307 SEDAN,2021,307,SEDAN,
29,Peugeot,407,307 SW,2021,307,SW,
29,Peugeot,2351,308,2021,308,,
29,Peugeot,2393,308 CC,2021,308,CC,
29,Peugeot,2743,EXPERT,2021,EXPERT,,
29,Peugeot,2323,RCZ,2021,RCZ,,
30,Porsche,2697,718 BOXSTER,2020,718,BOXSTER,
30,Porsche,2715,718 CAYMAN,2020,718,CAYMAN,
31,Renault,2717,CAPTUR,2022,CAPTUR,,
31,Renault,431,CLIO,2022,CLIO,,
31,Renault,432,CLIO SEDAN,2022,CLIO,SEDAN,
31,Renault,2320,DUSTER,2022,DUSTER,,
31,Renault,2652,DUSTER OROCH,2022,DUSTER,OROCH,
31,Renault,2243,FLUENCE,2022,FLUENCE,,
31,Renault,737,KANGOO,2022,KANGOO,,
31,Renault,736,KANGOO EXPRESS,2022,KANGOO,EXPRESS,
31,Renault,2727,KWID,2022,KWID,,
31,Renault,910,LOGAN,2022,LOGAN,,
31,Renault,739,MASTER,2022,MASTER,,
31,Renault,2497,MASTER CHASSI,2022,MASTER,CHASSI,
31,Renault,919,SANDERO,2022,SANDERO,,
31,Renault,2634,SANDERO STEPWAY,2022,SANDERO,STEPWAY,
31,Renault,438,SCENIC,2022,SCENIC,,
31,Renault,998,SYMBOL,2022,SYMBOL,,
31,Renault,2771,ZOE,2022,ZOE,,
238,Rolls-Royce,2599,WRAITH,2016,WRAITH,,
41,SsangYong,929,ACTYON,2018,ACTYON,,
41,SsangYong,930,ACTYON SPORTS,2018,ACTYON,SPORTS,
41,SsangYong,744,ISTANA,2018,ISTANA,,
41,SsangYong,745,KORANDO,2018,KORANDO,,
41,SsangYong,921,KYRON,2018,KYRON,,
41,SsangYong,2765,XLV,2018,XLV,,
33,Subaru,456,SVX,2018,SVX,,
34,Suzuki,756,SUPER CARRY,2022,SUPER,CARRY,
34,Suzuki,758,VITARA,2022,VITARA,,
34,Suzuki,760,VITARA WAGON,2022,VITARA,WAGON,
47,Troller,771,RF SPORT,2021,RF,SPORT,
47,Troller,772,T4,2021,T4,,
36,Volkswagen,793,BRASILIA,1975,BRASILIA,,
36,Volkswagen,1089,AMAROK,2022,AMAROK,,
36,Volkswagen,475,APOLLO,2022,APOLLO,,
36,Volkswagen,2449,CC,2022,CC,,
36,Volkswagen,829,CROSSFOX,2022,CROSSFOX,,
36,Volkswagen,2825,DELIVERY,2022,DELIVERY,,
36,Volkswagen,774,EUROVAN,2022,EUROVAN,,
36,Volkswagen,478,FOX,2022,FOX,,
36,Volkswagen,479,FUSCA,2022,FUSCA,,
36,Volkswagen,775,GOL FURGAO,2022,GOL,FURGAO,
36,Volkswagen,481,GOLF,2022,GOLF,,
36,Volkswagen,482,GOLF CABRIO,2022,GOLF,CABRIO,
36,Volkswagen,2638,GOLF VARIANT,2022,GOLF,VARIANT,
36,Volkswagen,483,JETTA,2022,JETTA,,
36,Volkswagen,932,JETTA VARIANT,2022,JETTA,VARIANT,
36,Volkswagen,776,KOMBI,2022,KOMBI,,
36,Volkswagen,777,KOMBI FURGÃO,2022,KOMBI,FURGÃO,
36,Volkswagen,778,KOMBI PICK-UP,2022,KOMBI,PICK-UP,
36,Volkswagen,484,LOGUS,2022,LOGUS,,
36,Volkswagen,486,PARATI,2022,PARATI,,
36,Volkswagen,487,PASSAT,2022,PASSAT,,
36,Volkswagen,1072,PASSAT CC,2022,PASSAT,CC,
36,Volkswagen,488,PASSAT VARIANT,2022,PASSAT,VARIANT,
36,Volkswagen,489,POINTER,2022,POINTER,,
36,Volkswagen,491,POLO,2022,POLO,,
36,Volkswagen,490,POLO CLASSIC,2022,POLO,CLASSIC,
36,Volkswagen,492,POLO SEDAN,2022,POLO,SEDAN,
36,Volkswagen,494,QUANTUM,2022,QUANTUM,,
36,Volkswagen,493,SANTANA,2022,SANTANA,,
36,Volkswagen,779,SAVEIRO,2022,SAVEIRO,,
36,Volkswagen,879,SPACEFOX,2013,SPACEFOX,,
36,Volkswagen,2774,T-CROSS,2022,T-CROSS,,
36,Volkswagen,2755,TANGER,2022,TANGER,,
36,Volkswagen,1015,TIGUAN,2022,TIGUAN,,
36,Volkswagen,1061,TL,2022,TL,,
36,Volkswagen,801,TOUAREG,2022,TOUAREG,,
36,Volkswagen,2519,UP!,2022,UP!,,
36,Volkswagen,780,VAN,2022,VAN,,
36,Volkswagen,1037,VARIANT,2022,VARIANT,,
36,Volkswagen,2750,VIRTUS,2022,VIRTUS,,
36,Volkswagen,495,VOYAGE,2022,VOYAGE,,
38,Volvo,496,440,2021,440,,
38,Volvo,499,855,2021,855,,
38,Volvo,2767,S90,2021,S90,,
38,Volvo,853,V50,2021,V50,,
38,Volvo,854,V70,2021,V70,,
38,Volvo,994,XC60,2021,XC60,,
35,Toyota,1117,AVALON,2022,AVALON,,
35,Toyota,1117,AVALON,2021,AVALON,,
35,Toyota,1117,AVALON,2020,AVALON,,
35,Toyota,1117,AVALON,2019,AVALON,,
35,Toyota,1117,AVALON,2018,AVALON,,
35,Toyota,1117,AVALON,2017,AVALON,,
35,Toyota,1117,AVALON,2016,AVALON,,
35,Toyota,1117,AVALON,2015,AVALON,,
35,Toyota,1117,AVALON,2014,AVALON,,
35,Toyota,1117,AVALON,2013,AVALON,,
35,Toyota,1117,AVALON,2012,AVALON,,
35,Toyota,1117,AVALON,2011,AVALON,,
35,Toyota,1117,AVALON,2010,AVALON,,
35,Toyota,1117,AVALON,2009,AVALON,,
35,Toyota,1117,AVALON,2008,AVALON,,
35,Toyota,1117,AVALON,2007,AVALON,,
35,Toyota,1117,AVALON,2006,AVALON,,
35,Toyota,1117,AVALON,2005,AVALON,,
35,Toyota,1117,AVALON,2004,AVALON,,
35,Toyota,1117,AVALON,2003,AVALON,,
35,Toyota,1117,AVALON,2002,AVALON,,
35,Toyota,1117,AVALON,2001,AVALON,,
35,Toyota,1117,AVALON,2000,AVALON,,
35,Toyota,1117,AVALON,1999,AVALON,,
35,Toyota,1117,AVALON,1998,AVALON,,
35,Toyota,1117,AVALON,1997,AVALON,,
35,Toyota,1117,AVALON,1996,AVALON,,
35,Toyota,1117,AVALON,1995,AVALON,,
35,Toyota,1117,AVALON,1994,AVALON,,
35,Toyota,1117,AVALON,1993,AVALON,,
35,Toyota,1117,AVALON,1992,AVALON,,
35,Toyota,467,CELICA,2022,CELICA,,
35,Toyota,467,CELICA,2021,CELICA,,
35,Toyota,467,CELICA,2020,CELICA,,
35,Toyota,467,CELICA,2019,CELICA,,
35,Toyota,467,CELICA,2018,CELICA,,
35,Toyota,467,CELICA,2017,CELICA,,
35,Toyota,467,CELICA,2016,CELICA,,
35,Toyota,467,CELICA,2015,CELICA,,
35,Toyota,467,CELICA,2014,CELICA,,
35,Toyota,467,CELICA,2013,CELICA,,
35,Toyota,467,CELICA,2012,CELICA,,
35,Toyota,467,CELICA,2011,CELICA,,
35,Toyota,467,CELICA,2010,CELICA,,
35,Toyota,467,CELICA,2009,CELICA,,
35,Toyota,467,CELICA,2008,CELICA,,
35,Toyota,467,CELICA,2007,CELICA,,
35,Toyota,467,CELICA,2006,CELICA,,
35,Toyota,467,CELICA,2005,CELICA,,
35,Toyota,467,CELICA,2004,CELICA,,
35,Toyota,467,CELICA,2003,CELICA,,
35,Toyota,467,CELICA,2002,CELICA,,
35,Toyota,467,CELICA,2001,CELICA,,
35,Toyota,467,CELICA,2000,CELICA,,
35,Toyota,467,CELICA,1999,CELICA,,
35,Toyota,467,CELICA,1998,CELICA,,
35,Toyota,467,CELICA,1997,CELICA,,
35,Toyota,467,CELICA,1996,CELICA,,
35,Toyota,467,CELICA,1995,CELICA,,
35,Toyota,467,CELICA,1994,CELICA,,
35,Toyota,467,CELICA,1993,CELICA,,
35,Toyota,467,CELICA,1992,CELICA,,
35,Toyota,468,COROLLA,2022,COROLLA,,
35,Toyota,468,COROLLA,2021,COROLLA,,
35,Toyota,468,COROLLA,2020,COROLLA,,
35,Toyota,468,COROLLA,2019,COROLLA,,
35,Toyota,468,COROLLA,2018,COROLLA,,
35,Toyota,468,COROLLA,2017,COROLLA,,
35,Toyota,468,COROLLA,2016,COROLLA,,
35,Toyota,468,COROLLA,2015,COROLLA,,
35,Toyota,468,COROLLA,2014,COROLLA,,
35,Toyota,468,COROLLA,2013,COROLLA,,
35,Toyota,468,COROLLA,2012,COROLLA,,
35,Toyota,468,COROLLA,2011,COROLLA,,
35,Toyota,468,COROLLA,2010,COROLLA,,
35,Toyota,468,COROLLA,2009,COROLLA,,
35,Toyota,468,COROLLA,2008,COROLLA,,
35,Toyota,468,COROLLA,2007,COROLLA,,
35,Toyota,468,COROLLA,2006,COROLLA,,
35,Toyota,468,COROLLA,2005,COROLLA,,
35,Toyota,468,COROLLA,2004,COROLLA,,
35,Toyota,468,COROLLA,2003,COROLLA,,
35,Toyota,468,COROLLA,2002,COROLLA,,
35,Toyota,468,COROLLA,2001,COROLLA,,
35,Toyota,468,COROLLA,2000,COROLLA,,
35,Toyota,468,COROLLA,1999,COROLLA,,
35,Toyota,468,COROLLA,1998,COROLLA,,
35,Toyota,468,COROLLA,1997,COROLLA,,
35,Toyota,468,COROLLA,1996,COROLLA,,
35,Toyota,468,COROLLA,1995,COROLLA,,
35,Toyota,468,COROLLA,1994,COROLLA,,
35,Toyota,468,COROLLA,1993,COROLLA,,
35,Toyota,468,COROLLA,1992,COROLLA,,
35,Toyota,2823,COROLLA CROSS,2022,COROLLA,CROSS,
35,Toyota,2823,COROLLA CROSS,2021,COROLLA,CROSS,
35,Toyota,2823,COROLLA CROSS,2020,COROLLA,CROSS,
35,Toyota,2823,COROLLA CROSS,2019,COROLLA,CROSS,
35,Toyota,2823,COROLLA CROSS,2018,COROLLA,CROSS,
35,Toyota,2823,COROLLA CROSS,2017,COROLLA,CROSS,
35,Toyota,2823,COROLLA CROSS,2016,COROLLA,CROSS,
35,Toyota,2823,COROLLA CROSS,2015,COROLLA,CROSS,
35,Toyota,2823,COROLLA CROSS,2014,COROLLA,CROSS,
35,Toyota,2823,COROLLA CROSS,2013,COROLLA,CROSS,
35,Toyota,2823,COROLLA CROSS,2012,COROLLA,CROSS,
35,Toyota,2823,COROLLA CROSS,2011,COROLLA,CROSS,
35,Toyota,2823,COROLLA CROSS,2010,COROLLA,CROSS,
35,Toyota,2823,COROLLA CROSS,2009,COROLLA,CROSS,
35,Toyota,2823,COROLLA CROSS,2008,COROLLA,CROSS,
35,Toyota,2823,COROLLA CROSS,2007,COROLLA,CROSS,
35,Toyota,2823,COROLLA CROSS,2006,COROLLA,CROSS,
35,Toyota,2823,COROLLA CROSS,2005,COROLLA,CROSS,
35,Toyota,2823,COROLLA CROSS,2004,COROLLA,CROSS,
35,Toyota,2823,COROLLA CROSS,2003,COROLLA,CROSS,
35,Toyota,2823,COROLLA CROSS,2002,COROLLA,CROSS,
35,Toyota,2823,COROLLA CROSS,2001,COROLLA,CROSS,
35,Toyota,2823,COROLLA CROSS,2000,COROLLA,CROSS,
35,Toyota,2823,COROLLA CROSS,1999,COROLLA,CROSS,
35,Toyota,2823,COROLLA CROSS,1998,COROLLA,CROSS,
35,Toyota,2823,COROLLA CROSS,1997,COROLLA,CROSS,
35,Toyota,2823,COROLLA CROSS,1996,COROLLA,CROSS,
35,Toyota,2823,COROLLA CROSS,1995,COROLLA,CROSS,
35,Toyota,2823,COROLLA CROSS,1994,COROLLA,CROSS,
35,Toyota,2823,COROLLA CROSS,1993,COROLLA,CROSS,
35,Toyota,2823,COROLLA CROSS,1992,COROLLA,CROSS,
35,Toyota,904,COROLLA FIELDER,2022,COROLLA,FIELDER,
35,Toyota,904,COROLLA FIELDER,2021,COROLLA,FIELDER,
35,Toyota,904,COROLLA FIELDER,2020,COROLLA,FIELDER,
35,Toyota,904,COROLLA FIELDER,2019,COROLLA,FIELDER,
35,Toyota,904,COROLLA FIELDER,2018,COROLLA,FIELDER,
35,Toyota,904,COROLLA FIELDER,2017,COROLLA,FIELDER,
35,Toyota,904,COROLLA FIELDER,2016,COROLLA,FIELDER,
35,Toyota,904,COROLLA FIELDER,2015,COROLLA,FIELDER,
35,Toyota,904,COROLLA FIELDER,2014,COROLLA,FIELDER,
35,Toyota,904,COROLLA FIELDER,2013,COROLLA,FIELDER,
35,Toyota,904,COROLLA FIELDER,2012,COROLLA,FIELDER,
35,Toyota,904,COROLLA FIELDER,2011,COROLLA,FIELDER,
35,Toyota,904,COROLLA FIELDER,2010,COROLLA,FIELDER,
35,Toyota,904,COROLLA FIELDER,2009,COROLLA,FIELDER,
35,Toyota,904,COROLLA FIELDER,2008,COROLLA,FIELDER,
35,Toyota,904,COROLLA FIELDER,2007,COROLLA,FIELDER,
35,Toyota,904,COROLLA FIELDER,2006,COROLLA,FIELDER,
35,Toyota,904,COROLLA FIELDER,2005,COROLLA,FIELDER,
35,Toyota,904,COROLLA FIELDER,2004,COROLLA,FIELDER,
35,Toyota,904,COROLLA FIELDER,2003,COROLLA,FIELDER,
35,Toyota,904,COROLLA FIELDER,2002,COROLLA,FIELDER,
35,Toyota,904,COROLLA FIELDER,2001,COROLLA,FIELDER,
35,Toyota,904,COROLLA FIELDER,2000,COROLLA,FIELDER,
35,Toyota,904,COROLLA FIELDER,1999,COROLLA,FIELDER,
35,Toyota,904,COROLLA FIELDER,1998,COROLLA,FIELDER,
35,Toyota,904,COROLLA FIELDER,1997,COROLLA,FIELDER,
35,Toyota,904,COROLLA FIELDER,1996,COROLLA,FIELDER,
35,Toyota,904,COROLLA FIELDER,1995,COROLLA,FIELDER,
35,Toyota,904,COROLLA FIELDER,1994,COROLLA,FIELDER,
35,Toyota,904,COROLLA FIELDER,1993,COROLLA,FIELDER,
35,Toyota,904,COROLLA FIELDER,1992,COROLLA,FIELDER,
35,Toyota,469,COROLLA WAGON,2022,COROLLA,WAGON,
35,Toyota,469,COROLLA WAGON,2021,COROLLA,WAGON,
35,Toyota,469,COROLLA WAGON,2020,COROLLA,WAGON,
35,Toyota,469,COROLLA WAGON,2019,COROLLA,WAGON,
35,Toyota,469,COROLLA WAGON,2018,COROLLA,WAGON,
35,Toyota,469,COROLLA WAGON,2017,COROLLA,WAGON,
35,Toyota,469,COROLLA WAGON,2016,COROLLA,WAGON,
35,Toyota,469,COROLLA WAGON,2015,COROLLA,WAGON,
35,Toyota,469,COROLLA WAGON,2014,COROLLA,WAGON,
35,Toyota,469,COROLLA WAGON,2013,COROLLA,WAGON,
35,Toyota,469,COROLLA WAGON,2012,COROLLA,WAGON,
35,Toyota,469,COROLLA WAGON,2011,COROLLA,WAGON,
35,Toyota,469,COROLLA WAGON,2010,COROLLA,WAGON,
35,Toyota,469,COROLLA WAGON,2009,COROLLA,WAGON,
35,Toyota,469,COROLLA WAGON,2008,COROLLA,WAGON,
35,Toyota,469,COROLLA WAGON,2007,COROLLA,WAGON,
35,Toyota,469,COROLLA WAGON,2006,COROLLA,WAGON,
35,Toyota,469,COROLLA WAGON,2005,COROLLA,WAGON,
35,Toyota,469,COROLLA WAGON,2004,COROLLA,WAGON,
35,Toyota,469,COROLLA WAGON,2003,COROLLA,WAGON,
35,Toyota,469,COROLLA WAGON,2002,COROLLA,WAGON,
35,Toyota,469,COROLLA WAGON,2001,COROLLA,WAGON,
35,Toyota,469,COROLLA WAGON,2000,COROLLA,WAGON,
35,Toyota,469,COROLLA WAGON,1999,COROLLA,WAGON,
35,Toyota,469,COROLLA WAGON,1998,COROLLA,WAGON,
35,Toyota,469,COROLLA WAGON,1997,COROLLA,WAGON,
35,Toyota,469,COROLLA WAGON,1996,COROLLA,WAGON,
35,Toyota,469,COROLLA WAGON,1995,COROLLA,WAGON,
35,Toyota,469,COROLLA WAGON,1994,COROLLA,WAGON,
35,Toyota,469,COROLLA WAGON,1993,COROLLA,WAGON,
35,Toyota,469,COROLLA WAGON,1992,COROLLA,WAGON,
35,Toyota,2417,ETIOS HATCH,2022,ETIOS,HATCH,
35,Toyota,2417,ETIOS HATCH,2021,ETIOS,HATCH,
35,Toyota,2417,ETIOS HATCH,2020,ETIOS,HATCH,
35,Toyota,2417,ETIOS HATCH,2019,ETIOS,HATCH,
35,Toyota,2417,ETIOS HATCH,2018,ETIOS,HATCH,
35,Toyota,2417,ETIOS HATCH,2017,ETIOS,HATCH,
35,Toyota,2417,ETIOS HATCH,2016,ETIOS,HATCH,
35,Toyota,2417,ETIOS HATCH,2015,ETIOS,HATCH,
35,Toyota,2417,ETIOS HATCH,2014,ETIOS,HATCH,
35,Toyota,2417,ETIOS HATCH,2013,ETIOS,HATCH,
35,Toyota,2417,ETIOS HATCH,2012,ETIOS,HATCH,
35,Toyota,2417,ETIOS HATCH,2011,ETIOS,HATCH,
35,Toyota,2417,ETIOS HATCH,2010,ETIOS,HATCH,
35,Toyota,2417,ETIOS HATCH,2009,ETIOS,HATCH,
35,Toyota,2417,ETIOS HATCH,2008,ETIOS,HATCH,
35,Toyota,2417,ETIOS HATCH,2007,ETIOS,HATCH,
35,Toyota,2417,ETIOS HATCH,2006,ETIOS,HATCH,
35,Toyota,2417,ETIOS HATCH,2005,ETIOS,HATCH,
35,Toyota,2417,ETIOS HATCH,2004,ETIOS,HATCH,
35,Toyota,2417,ETIOS HATCH,2003,ETIOS,HATCH,
35,Toyota,2417,ETIOS HATCH,2002,ETIOS,HATCH,
35,Toyota,2417,ETIOS HATCH,2001,ETIOS,HATCH,
35,Toyota,2417,ETIOS HATCH,2000,ETIOS,HATCH,
35,Toyota,2417,ETIOS HATCH,1999,ETIOS,HATCH,
35,Toyota,2417,ETIOS HATCH,1998,ETIOS,HATCH,
35,Toyota,2417,ETIOS HATCH,1997,ETIOS,HATCH,
35,Toyota,2417,ETIOS HATCH,1996,ETIOS,HATCH,
35,Toyota,2417,ETIOS HATCH,1995,ETIOS,HATCH,
35,Toyota,2417,ETIOS HATCH,1994,ETIOS,HATCH,
35,Toyota,2417,ETIOS HATCH,1993,ETIOS,HATCH,
35,Toyota,2417,ETIOS HATCH,1992,ETIOS,HATCH,
35,Toyota,2418,ETIOS SEDAN,2022,ETIOS,SEDAN,
35,Toyota,2418,ETIOS SEDAN,2021,ETIOS,SEDAN,
35,Toyota,2418,ETIOS SEDAN,2020,ETIOS,SEDAN,
35,Toyota,2418,ETIOS SEDAN,2019,ETIOS,SEDAN,
35,Toyota,2418,ETIOS SEDAN,2018,ETIOS,SEDAN,
35,Toyota,2418,ETIOS SEDAN,2017,ETIOS,SEDAN,
35,Toyota,2418,ETIOS SEDAN,2016,ETIOS,SEDAN,
35,Toyota,2418,ETIOS SEDAN,2015,ETIOS,SEDAN,
35,Toyota,2418,ETIOS SEDAN,2014,ETIOS,SEDAN,
35,Toyota,2418,ETIOS SEDAN,2013,ETIOS,SEDAN,
35,Toyota,2418,ETIOS SEDAN,2012,ETIOS,SEDAN,
35,Toyota,2418,ETIOS SEDAN,2011,ETIOS,SEDAN,
35,Toyota,2418,ETIOS SEDAN,2010,ETIOS,SEDAN,
35,Toyota,2418,ETIOS SEDAN,2009,ETIOS,SEDAN,
35,Toyota,2418,ETIOS SEDAN,2008,ETIOS,SEDAN,
35,Toyota,2418,ETIOS SEDAN,2007,ETIOS,SEDAN,
35,Toyota,2418,ETIOS SEDAN,2006,ETIOS,SEDAN,
35,Toyota,2418,ETIOS SEDAN,2005,ETIOS,SEDAN,
35,Toyota,2418,ETIOS SEDAN,2004,ETIOS,SEDAN,
35,Toyota,2418,ETIOS SEDAN,2003,ETIOS,SEDAN,
35,Toyota,2418,ETIOS SEDAN,2002,ETIOS,SEDAN,
35,Toyota,2418,ETIOS SEDAN,2001,ETIOS,SEDAN,
35,Toyota,2418,ETIOS SEDAN,2000,ETIOS,SEDAN,
35,Toyota,2418,ETIOS SEDAN,1999,ETIOS,SEDAN,
35,Toyota,2418,ETIOS SEDAN,1998,ETIOS,SEDAN,
35,Toyota,2418,ETIOS SEDAN,1997,ETIOS,SEDAN,
35,Toyota,2418,ETIOS SEDAN,1996,ETIOS,SEDAN,
35,Toyota,2418,ETIOS SEDAN,1995,ETIOS,SEDAN,
35,Toyota,2418,ETIOS SEDAN,1994,ETIOS,SEDAN,
35,Toyota,2418,ETIOS SEDAN,1993,ETIOS,SEDAN,
35,Toyota,2418,ETIOS SEDAN,1992,ETIOS,SEDAN,
35,Toyota,763,HILUX CABINE DUPLA,2022,HILUX,CABINE,DUPLA
35,Toyota,763,HILUX CABINE DUPLA,2021,HILUX,CABINE,DUPLA
35,Toyota,763,HILUX CABINE DUPLA,2020,HILUX,CABINE,DUPLA
35,Toyota,763,HILUX CABINE DUPLA,2019,HILUX,CABINE,DUPLA
35,Toyota,763,HILUX CABINE DUPLA,2018,HILUX,CABINE,DUPLA
35,Toyota,763,HILUX CABINE DUPLA,2017,HILUX,CABINE,DUPLA
35,Toyota,763,HILUX CABINE DUPLA,2016,HILUX,CABINE,DUPLA
35,Toyota,763,HILUX CABINE DUPLA,2015,HILUX,CABINE,DUPLA
35,Toyota,763,HILUX CABINE DUPLA,2014,HILUX,CABINE,DUPLA
35,Toyota,763,HILUX CABINE DUPLA,2013,HILUX,CABINE,DUPLA
35,Toyota,763,HILUX CABINE DUPLA,2012,HILUX,CABINE,DUPLA
35,Toyota,763,HILUX CABINE DUPLA,2011,HILUX,CABINE,DUPLA
35,Toyota,763,HILUX CABINE DUPLA,2010,HILUX,CABINE,DUPLA
35,Toyota,763,HILUX CABINE DUPLA,2009,HILUX,CABINE,DUPLA
35,Toyota,763,HILUX CABINE DUPLA,2008,HILUX,CABINE,DUPLA
35,Toyota,763,HILUX CABINE DUPLA,2007,HILUX,CABINE,DUPLA
35,Toyota,763,HILUX CABINE DUPLA,2006,HILUX,CABINE,DUPLA
35,Toyota,763,HILUX CABINE DUPLA,2005,HILUX,CABINE,DUPLA
35,Toyota,763,HILUX CABINE DUPLA,2004,HILUX,CABINE,DUPLA
35,Toyota,763,HILUX CABINE DUPLA,2003,HILUX,CABINE,DUPLA
35,Toyota,763,HILUX CABINE DUPLA,2002,HILUX,CABINE,DUPLA
35,Toyota,763,HILUX CABINE DUPLA,2001,HILUX,CABINE,DUPLA
35,Toyota,763,HILUX CABINE DUPLA,2000,HILUX,CABINE,DUPLA
35,Toyota,763,HILUX CABINE DUPLA,1999,HILUX,CABINE,DUPLA
35,Toyota,763,HILUX CABINE DUPLA,1998,HILUX,CABINE,DUPLA
35,Toyota,763,HILUX CABINE DUPLA,1997,HILUX,CABINE,DUPLA
35,Toyota,763,HILUX CABINE DUPLA,1996,HILUX,CABINE,DUPLA
35,Toyota,763,HILUX CABINE DUPLA,1995,HILUX,CABINE,DUPLA
35,Toyota,763,HILUX CABINE DUPLA,1994,HILUX,CABINE,DUPLA
35,Toyota,763,HILUX CABINE DUPLA,1993,HILUX,CABINE,DUPLA
35,Toyota,763,HILUX CABINE DUPLA,1992,HILUX,CABINE,DUPLA
35,Toyota,764,HILUX CABINE SIMPLES,2022,HILUX,CABINE,SIMPLES
35,Toyota,764,HILUX CABINE SIMPLES,2021,HILUX,CABINE,SIMPLES
35,Toyota,764,HILUX CABINE SIMPLES,2020,HILUX,CABINE,SIMPLES
35,Toyota,764,HILUX CABINE SIMPLES,2019,HILUX,CABINE,SIMPLES
35,Toyota,764,HILUX CABINE SIMPLES,2018,HILUX,CABINE,SIMPLES
35,Toyota,764,HILUX CABINE SIMPLES,2017,HILUX,CABINE,SIMPLES
35,Toyota,764,HILUX CABINE SIMPLES,2016,HILUX,CABINE,SIMPLES
35,Toyota,764,HILUX CABINE SIMPLES,2015,HILUX,CABINE,SIMPLES
35,Toyota,764,HILUX CABINE SIMPLES,2014,HILUX,CABINE,SIMPLES
35,Toyota,764,HILUX CABINE SIMPLES,2013,HILUX,CABINE,SIMPLES
35,Toyota,764,HILUX CABINE SIMPLES,2012,HILUX,CABINE,SIMPLES
35,Toyota,764,HILUX CABINE SIMPLES,2011,HILUX,CABINE,SIMPLES
35,Toyota,764,HILUX CABINE SIMPLES,2010,HILUX,CABINE,SIMPLES
35,Toyota,764,HILUX CABINE SIMPLES,2009,HILUX,CABINE,SIMPLES
35,Toyota,764,HILUX CABINE SIMPLES,2008,HILUX,CABINE,SIMPLES
35,Toyota,764,HILUX CABINE SIMPLES,2007,HILUX,CABINE,SIMPLES
35,Toyota,764,HILUX CABINE SIMPLES,2006,HILUX,CABINE,SIMPLES
35,Toyota,764,HILUX CABINE SIMPLES,2005,HILUX,CABINE,SIMPLES
35,Toyota,764,HILUX CABINE SIMPLES,2004,HILUX,CABINE,SIMPLES
35,Toyota,764,HILUX CABINE SIMPLES,2003,HILUX,CABINE,SIMPLES
35,Toyota,764,HILUX CABINE SIMPLES,2002,HILUX,CABINE,SIMPLES
35,Toyota,764,HILUX CABINE SIMPLES,2001,HILUX,CABINE,SIMPLES
35,Toyota,764,HILUX CABINE SIMPLES,2000,HILUX,CABINE,SIMPLES
35,Toyota,764,HILUX CABINE SIMPLES,1999,HILUX,CABINE,SIMPLES
35,Toyota,764,HILUX CABINE SIMPLES,1998,HILUX,CABINE,SIMPLES
35,Toyota,764,HILUX CABINE SIMPLES,1997,HILUX,CABINE,SIMPLES
35,Toyota,764,HILUX CABINE SIMPLES,1996,HILUX,CABINE,SIMPLES
35,Toyota,764,HILUX CABINE SIMPLES,1995,HILUX,CABINE,SIMPLES
35,Toyota,764,HILUX CABINE SIMPLES,1994,HILUX,CABINE,SIMPLES
35,Toyota,764,HILUX CABINE SIMPLES,1993,HILUX,CABINE,SIMPLES
35,Toyota,764,HILUX CABINE SIMPLES,1992,HILUX,CABINE,SIMPLES
35,Toyota,766,LAND CRUISER PRADO,2022,LAND,CRUISER,PRADO
35,Toyota,766,LAND CRUISER PRADO,2021,LAND,CRUISER,PRADO
35,Toyota,766,LAND CRUISER PRADO,2020,LAND,CRUISER,PRADO
35,Toyota,766,LAND CRUISER PRADO,2019,LAND,CRUISER,PRADO
35,Toyota,766,LAND CRUISER PRADO,2018,LAND,CRUISER,PRADO
35,Toyota,766,LAND CRUISER PRADO,2017,LAND,CRUISER,PRADO
35,Toyota,766,LAND CRUISER PRADO,2016,LAND,CRUISER,PRADO
35,Toyota,766,LAND CRUISER PRADO,2015,LAND,CRUISER,PRADO
35,Toyota,766,LAND CRUISER PRADO,2014,LAND,CRUISER,PRADO
35,Toyota,766,LAND CRUISER PRADO,2013,LAND,CRUISER,PRADO
35,Toyota,766,LAND CRUISER PRADO,2012,LAND,CRUISER,PRADO
35,Toyota,766,LAND CRUISER PRADO,2011,LAND,CRUISER,PRADO
35,Toyota,766,LAND CRUISER PRADO,2010,LAND,CRUISER,PRADO
35,Toyota,766,LAND CRUISER PRADO,2009,LAND,CRUISER,PRADO
35,Toyota,766,LAND CRUISER PRADO,2008,LAND,CRUISER,PRADO
35,Toyota,766,LAND CRUISER PRADO,2007,LAND,CRUISER,PRADO
35,Toyota,766,LAND CRUISER PRADO,2006,LAND,CRUISER,PRADO
35,Toyota,766,LAND CRUISER PRADO,2005,LAND,CRUISER,PRADO
35,Toyota,766,LAND CRUISER PRADO,2004,LAND,CRUISER,PRADO
35,Toyota,766,LAND CRUISER PRADO,2003,LAND,CRUISER,PRADO
35,Toyota,766,LAND CRUISER PRADO,2002,LAND,CRUISER,PRADO
35,Toyota,766,LAND CRUISER PRADO,2001,LAND,CRUISER,PRADO
35,Toyota,766,LAND CRUISER PRADO,2000,LAND,CRUISER,PRADO
35,Toyota,766,LAND CRUISER PRADO,1999,LAND,CRUISER,PRADO
35,Toyota,766,LAND CRUISER PRADO,1998,LAND,CRUISER,PRADO
35,Toyota,766,LAND CRUISER PRADO,1997,LAND,CRUISER,PRADO
35,Toyota,766,LAND CRUISER PRADO,1996,LAND,CRUISER,PRADO
35,Toyota,766,LAND CRUISER PRADO,1995,LAND,CRUISER,PRADO
35,Toyota,766,LAND CRUISER PRADO,1994,LAND,CRUISER,PRADO
35,Toyota,766,LAND CRUISER PRADO,1993,LAND,CRUISER,PRADO
35,Toyota,766,LAND CRUISER PRADO,1992,LAND,CRUISER,PRADO
35,Toyota,2435,PRIUS,2022,PRIUS,,
35,Toyota,2435,PRIUS,2021,PRIUS,,
35,Toyota,2435,PRIUS,2020,PRIUS,,
35,Toyota,2435,PRIUS,2019,PRIUS,,
35,Toyota,2435,PRIUS,2018,PRIUS,,
35,Toyota,2435,PRIUS,2017,PRIUS,,
35,Toyota,2435,PRIUS,2016,PRIUS,,
35,Toyota,2435,PRIUS,2015,PRIUS,,
35,Toyota,2435,PRIUS,2014,PRIUS,,
35,Toyota,2435,PRIUS,2013,PRIUS,,
35,Toyota,2435,PRIUS,2012,PRIUS,,
35,Toyota,2435,PRIUS,2011,PRIUS,,
35,Toyota,2435,PRIUS,2010,PRIUS,,
35,Toyota,2435,PRIUS,2009,PRIUS,,
35,Toyota,2435,PRIUS,2008,PRIUS,,
35,Toyota,2435,PRIUS,2007,PRIUS,,
35,Toyota,2435,PRIUS,2006,PRIUS,,
35,Toyota,2435,PRIUS,2005,PRIUS,,
35,Toyota,2435,PRIUS,2004,PRIUS,,
35,Toyota,2435,PRIUS,2003,PRIUS,,
35,Toyota,2435,PRIUS,2002,PRIUS,,
35,Toyota,2435,PRIUS,2001,PRIUS,,
35,Toyota,2435,PRIUS,2000,PRIUS,,
35,Toyota,2435,PRIUS,1999,PRIUS,,
35,Toyota,2435,PRIUS,1998,PRIUS,,
35,Toyota,2435,PRIUS,1997,PRIUS,,
35,Toyota,2435,PRIUS,1996,PRIUS,,
35,Toyota,2435,PRIUS,1995,PRIUS,,
35,Toyota,2435,PRIUS,1994,PRIUS,,
35,Toyota,2435,PRIUS,1993,PRIUS,,
35,Toyota,2435,PRIUS,1992,PRIUS,,
35,Toyota,767,RAV4,2022,RAV4,,
35,Toyota,767,RAV4,2021,RAV4,,
35,Toyota,767,RAV4,2020,RAV4,,
35,Toyota,767,RAV4,2019,RAV4,,
35,Toyota,767,RAV4,2018,RAV4,,
35,Toyota,767,RAV4,2017,RAV4,,
35,Toyota,767,RAV4,2016,RAV4,,
35,Toyota,767,RAV4,2015,RAV4,,
35,Toyota,767,RAV4,2014,RAV4,,
35,Toyota,767,RAV4,2013,RAV4,,
35,Toyota,767,RAV4,2012,RAV4,,
35,Toyota,767,RAV4,2011,RAV4,,
35,Toyota,767,RAV4,2010,RAV4,,
35,Toyota,767,RAV4,2009,RAV4,,
35,Toyota,767,RAV4,2008,RAV4,,
35,Toyota,767,RAV4,2007,RAV4,,
35,Toyota,767,RAV4,2006,RAV4,,
35,Toyota,767,RAV4,2005,RAV4,,
35,Toyota,767,RAV4,2004,RAV4,,
35,Toyota,767,RAV4,2003,RAV4,,
35,Toyota,767,RAV4,2002,RAV4,,
35,Toyota,767,RAV4,2001,RAV4,,
35,Toyota,767,RAV4,2000,RAV4,,
35,Toyota,767,RAV4,1999,RAV4,,
35,Toyota,767,RAV4,1998,RAV4,,
35,Toyota,767,RAV4,1997,RAV4,,
35,Toyota,767,RAV4,1996,RAV4,,
35,Toyota,767,RAV4,1995,RAV4,,
35,Toyota,767,RAV4,1994,RAV4,,
35,Toyota,767,RAV4,1993,RAV4,,
35,Toyota,767,RAV4,1992,RAV4,,
35,Toyota,765,SW4,2022,SW4,,
35,Toyota,765,SW4,2021,SW4,,
35,Toyota,765,SW4,2020,SW4,,
35,Toyota,765,SW4,2019,SW4,,
35,Toyota,765,SW4,2018,SW4,,
35,Toyota,765,SW4,2017,SW4,,
35,Toyota,765,SW4,2016,SW4,,
35,Toyota,765,SW4,2015,SW4,,
35,Toyota,765,SW4,2014,SW4,,
35,Toyota,765,SW4,2013,SW4,,
35,Toyota,765,SW4,2012,SW4,,
35,Toyota,765,SW4,2011,SW4,,
35,Toyota,765,SW4,2010,SW4,,
35,Toyota,765,SW4,2009,SW4,,
35,Toyota,765,SW4,2008,SW4,,
35,Toyota,765,SW4,2007,SW4,,
35,Toyota,765,SW4,2006,SW4,,
35,Toyota,765,SW4,2005,SW4,,
35,Toyota,765,SW4,2004,SW4,,
35,Toyota,765,SW4,2003,SW4,,
35,Toyota,765,SW4,2002,SW4,,
35,Toyota,765,SW4,2001,SW4,,
35,Toyota,765,SW4,2000,SW4,,
35,Toyota,765,SW4,1999,SW4,,
35,Toyota,765,SW4,1998,SW4,,
35,Toyota,765,SW4,1997,SW4,,
35,Toyota,765,SW4,1996,SW4,,
35,Toyota,765,SW4,1995,SW4,,
35,Toyota,765,SW4,1994,SW4,,
35,Toyota,765,SW4,1993,SW4,,
35,Toyota,765,SW4,1992,SW4,,
35,Toyota,770,TUNDRA,2022,TUNDRA,,
35,Toyota,770,TUNDRA,2021,TUNDRA,,
35,Toyota,770,TUNDRA,2020,TUNDRA,,
35,Toyota,770,TUNDRA,2019,TUNDRA,,
35,Toyota,770,TUNDRA,2018,TUNDRA,,
35,Toyota,770,TUNDRA,2017,TUNDRA,,
35,Toyota,770,TUNDRA,2016,TUNDRA,,
35,Toyota,770,TUNDRA,2015,TUNDRA,,
35,Toyota,770,TUNDRA,2014,TUNDRA,,
35,Toyota,770,TUNDRA,2013,TUNDRA,,
35,Toyota,770,TUNDRA,2012,TUNDRA,,
35,Toyota,770,TUNDRA,2011,TUNDRA,,
35,Toyota,770,TUNDRA,2010,TUNDRA,,
35,Toyota,770,TUNDRA,2009,TUNDRA,,
35,Toyota,770,TUNDRA,2008,TUNDRA,,
35,Toyota,770,TUNDRA,2007,TUNDRA,,
35,Toyota,770,TUNDRA,2006,TUNDRA,,
35,Toyota,770,TUNDRA,2005,TUNDRA,,
35,Toyota,770,TUNDRA,2004,TUNDRA,,
35,Toyota,770,TUNDRA,2003,TUNDRA,,
35,Toyota,770,TUNDRA,2002,TUNDRA,,
35,Toyota,770,TUNDRA,2001,TUNDRA,,
35,Toyota,770,TUNDRA,2000,TUNDRA,,
35,Toyota,770,TUNDRA,1999,TUNDRA,,
35,Toyota,770,TUNDRA,1998,TUNDRA,,
35,Toyota,770,TUNDRA,1997,TUNDRA,,
35,Toyota,770,TUNDRA,1996,TUNDRA,,
35,Toyota,770,TUNDRA,1995,TUNDRA,,
35,Toyota,770,TUNDRA,1994,TUNDRA,,
35,Toyota,770,TUNDRA,1993,TUNDRA,,
35,Toyota,770,TUNDRA,1992,TUNDRA,,
35,Toyota,2758,YARIS HATCH,2022,YARIS,HATCH,
35,Toyota,2758,YARIS HATCH,2021,YARIS,HATCH,
35,Toyota,2758,YARIS HATCH,2020,YARIS,HATCH,
35,Toyota,2758,YARIS HATCH,2019,YARIS,HATCH,
35,Toyota,2758,YARIS HATCH,2018,YARIS,HATCH,
35,Toyota,2758,YARIS HATCH,2017,YARIS,HATCH,
35,Toyota,2758,YARIS HATCH,2016,YARIS,HATCH,
35,Toyota,2758,YARIS HATCH,2015,YARIS,HATCH,
35,Toyota,2758,YARIS HATCH,2014,YARIS,HATCH,
35,Toyota,2758,YARIS HATCH,2013,YARIS,HATCH,
35,Toyota,2758,YARIS HATCH,2012,YARIS,HATCH,
35,Toyota,2758,YARIS HATCH,2011,YARIS,HATCH,
35,Toyota,2758,YARIS HATCH,2010,YARIS,HATCH,
35,Toyota,2758,YARIS HATCH,2009,YARIS,HATCH,
35,Toyota,2758,YARIS HATCH,2008,YARIS,HATCH,
35,Toyota,2758,YARIS HATCH,2007,YARIS,HATCH,
35,Toyota,2758,YARIS HATCH,2006,YARIS,HATCH,
35,Toyota,2758,YARIS HATCH,2005,YARIS,HATCH,
35,Toyota,2758,YARIS HATCH,2004,YARIS,HATCH,
35,Toyota,2758,YARIS HATCH,2003,YARIS,HATCH,
35,Toyota,2758,YARIS HATCH,2002,YARIS,HATCH,
35,Toyota,2758,YARIS HATCH,2001,YARIS,HATCH,
35,Toyota,2758,YARIS HATCH,2000,YARIS,HATCH,
35,Toyota,2758,YARIS HATCH,1999,YARIS,HATCH,
35,Toyota,2758,YARIS HATCH,1998,YARIS,HATCH,
35,Toyota,2758,YARIS HATCH,1997,YARIS,HATCH,
35,Toyota,2758,YARIS HATCH,1996,YARIS,HATCH,
35,Toyota,2758,YARIS HATCH,1995,YARIS,HATCH,
35,Toyota,2758,YARIS HATCH,1994,YARIS,HATCH,
35,Toyota,2758,YARIS HATCH,1993,YARIS,HATCH,
35,Toyota,2758,YARIS HATCH,1992,YARIS,HATCH,
35,Toyota,2759,YARIS SEDAN,2022,YARIS,SEDAN,
35,Toyota,2759,YARIS SEDAN,2021,YARIS,SEDAN,
35,Toyota,2759,YARIS SEDAN,2020,YARIS,SEDAN,
35,Toyota,2759,YARIS SEDAN,2019,YARIS,SEDAN,
35,Toyota,2759,YARIS SEDAN,2018,YARIS,SEDAN,
35,Toyota,2759,YARIS SEDAN,2017,YARIS,SEDAN,
35,Toyota,2759,YARIS SEDAN,2016,YARIS,SEDAN,
35,Toyota,2759,YARIS SEDAN,2015,YARIS,SEDAN,
35,Toyota,2759,YARIS SEDAN,2014,YARIS,SEDAN,
35,Toyota,2759,YARIS SEDAN,2013,YARIS,SEDAN,
35,Toyota,2759,YARIS SEDAN,2012,YARIS,SEDAN,
35,Toyota,2759,YARIS SEDAN,2011,YARIS,SEDAN,
35,Toyota,2759,YARIS SEDAN,2010,YARIS,SEDAN,
35,Toyota,2759,YARIS SEDAN,2009,YARIS,SEDAN,
35,Toyota,2759,YARIS SEDAN,2008,YARIS,SEDAN,
35,Toyota,2759,YARIS SEDAN,2007,YARIS,SEDAN,
35,Toyota,2759,YARIS SEDAN,2006,YARIS,SEDAN,
35,Toyota,2759,YARIS SEDAN,2005,YARIS,SEDAN,
35,Toyota,2759,YARIS SEDAN,2004,YARIS,SEDAN,
35,Toyota,2759,YARIS SEDAN,2003,YARIS,SEDAN,
35,Toyota,2759,YARIS SEDAN,2002,YARIS,SEDAN,
35,Toyota,2759,YARIS SEDAN,2001,YARIS,SEDAN,
35,Toyota,2759,YARIS SEDAN,2000,YARIS,SEDAN,
35,Toyota,2759,YARIS SEDAN,1999,YARIS,SEDAN,
35,Toyota,2759,YARIS SEDAN,1998,YARIS,SEDAN,
35,Toyota,2759,YARIS SEDAN,1997,YARIS,SEDAN,
35,Toyota,2759,YARIS SEDAN,1996,YARIS,SEDAN,
35,Toyota,2759,YARIS SEDAN,1995,YARIS,SEDAN,
35,Toyota,2759,YARIS SEDAN,1994,YARIS,SEDAN,
35,Toyota,2759,YARIS SEDAN,1993,YARIS,SEDAN,
35,Toyota,2759,YARIS SEDAN,1992,YARIS,SEDAN,
38,Volvo,496,440,2021,440,,
38,Volvo,496,440,2020,440,,
38,Volvo,496,440,2019,440,,
38,Volvo,496,440,2018,440,,
38,Volvo,496,440,2017,440,,
38,Volvo,496,440,2016,440,,
38,Volvo,496,440,2015,440,,
38,Volvo,496,440,2014,440,,
38,Volvo,496,440,2013,440,,
38,Volvo,496,440,2012,440,,
38,Volvo,496,440,2011,440,,
38,Volvo,496,440,2010,440,,
38,Volvo,496,440,2009,440,,
38,Volvo,499,855,2021,855,,
38,Volvo,499,855,2020,855,,
38,Volvo,499,855,2019,855,,
38,Volvo,499,855,2018,855,,
38,Volvo,499,855,2017,855,,
38,Volvo,499,855,2016,855,,
38,Volvo,499,855,2015,855,,
38,Volvo,499,855,2014,855,,
38,Volvo,499,855,2013,855,,
38,Volvo,499,855,2012,855,,
38,Volvo,499,855,2011,855,,
38,Volvo,499,855,2010,855,,
38,Volvo,499,855,2009,855,,
38,Volvo,2767,S90,2021,S90,,
38,Volvo,2767,S90,2020,S90,,
38,Volvo,2767,S90,2019,S90,,
38,Volvo,2767,S90,2018,S90,,
38,Volvo,2767,S90,2017,S90,,
38,Volvo,2767,S90,2016,S90,,
38,Volvo,2767,S90,2015,S90,,
38,Volvo,2767,S90,2014,S90,,
38,Volvo,2767,S90,2013,S90,,
38,Volvo,2767,S90,2012,S90,,
38,Volvo,2767,S90,2011,S90,,
38,Volvo,2767,S90,2010,S90,,
38,Volvo,2767,S90,2009,S90,,
38,Volvo,853,V50,2021,V50,,
38,Volvo,853,V50,2020,V50,,
38,Volvo,853,V50,2019,V50,,
38,Volvo,853,V50,2018,V50,,
38,Volvo,853,V50,2017,V50,,
38,Volvo,853,V50,2016,V50,,
38,Volvo,853,V50,2015,V50,,
38,Volvo,853,V50,2014,V50,,
38,Volvo,853,V50,2013,V50,,
38,Volvo,853,V50,2012,V50,,
38,Volvo,853,V50,2011,V50,,
38,Volvo,853,V50,2010,V50,,
38,Volvo,853,V50,2009,V50,,
38,Volvo,854,V70,2021,V70,,
38,Volvo,854,V70,2020,V70,,
38,Volvo,854,V70,2019,V70,,
38,Volvo,854,V70,2018,V70,,
38,Volvo,854,V70,2017,V70,,
38,Volvo,854,V70,2016,V70,,
38,Volvo,854,V70,2015,V70,,
38,Volvo,854,V70,2014,V70,,
38,Volvo,854,V70,2013,V70,,
38,Volvo,854,V70,2012,V70,,
38,Volvo,854,V70,2011,V70,,
38,Volvo,854,V70,2010,V70,,
38,Volvo,854,V70,2009,V70,,
38,Volvo,994,XC60,2021,XC60,,
38,Volvo,994,XC60,2020,XC60,,
38,Volvo,994,XC60,2019,XC60,,
38,Volvo,994,XC60,2018,XC60,,
38,Volvo,994,XC60,2017,XC60,,
38,Volvo,994,XC60,2016,XC60,,
38,Volvo,994,XC60,2015,XC60,,
38,Volvo,994,XC60,2014,XC60,,
38,Volvo,994,XC60,2013,XC60,,
38,Volvo,994,XC60,2012,XC60,,
38,Volvo,994,XC60,2011,XC60,,
38,Volvo,994,XC60,2010,XC60,,
38,Volvo,994,XC60,2009,XC60,,
